channel_num;channel_id
0;UCttspZesZIDEwwpVIgoZtWQ
1;UCRWFSbif-RFENbBrSiez1DA
2;UCmphdqZNmqL72WJ2uyiNw5w
3;UCx8Z14PpntdaxCt2hakbQLQ
4;UCIvaYmXn910QMdemBG3v1pQ
5;UCj5RwDivLksanrNvkW0FB4w
6;UCupvZG-5ko_eiXAupbDfxWw
7;UCfwx98Wty7LhdlkxL5PZyLA
8;UCLXo7UDZvByw2ixzpQCufnA
9;UC9k-yiEpRHMNVOnOi_aQK8w
10;UCBi2mrWuNuyYy4gbM6fU18Q
11;UClFSU9_bUb4Rc6OYfTt5SPw
12;UCPP3etACgdUWvizcES1dJ8Q
13;UCZFMm1mMw0F81Z37aaEzTUA
14;UCEa-JnNdYCIFn3HMhjGEWpQ
15;UC11PvrGPzo6Y7Zc6-e9cAKg
16;UC16niRr50-MSBwiO3YDb3RA
17;UCqYw-CTd1dU2yGI71sEyqNw
18;UC9CYT9gSNLevX5ey2_6CK0Q
19;UCuzS3rPQAYqHcLWqOFuY0pw
20;UC_vt34wimdCzdkrzVejwX9g
21;UCZaT_X_mc0BI-djXOlfhqWQ
22;UCH7nv1A9xIrAifZJNvt7cgA
23;UC1yBKRuGpC1tSM73A0ZjYjQ
24;UCPXTXMecYqnRKNdqdVOGSFg
25;UCJekW1Vj5fCVEGdye_mBN6Q
26;UCxHoBXkY88Tb8z1Ssj6CWsQ
27;UCDCMjD1XIAsCZsYHNMGVcog
28;UCH6caKt8TcswUZRk_JUz7TA
29;UCNye-wNBqNL5ZzHSJj3l8Bg
30;UCISgnSNwqQ2i8lhCun3KtQg
31;UCXIJgqnII2ZOINSWNOGFThA
32;UCpwvZwUam-URkxB7g4USKpg
33;UCv3rFzn-GHGtqzXiaq3sWNg
34;UCf8w5m0YsRa8MHQ5bwSGmbw
35;UC25Ntv5IrTD-B0eZ92O50Tg
36;UCMmpLL2ucRHAXbNHiCPyIyg
37;UC69uYUqvx-vw4luuX7aHNLQ
38;UCQC1wGbOOIoC23fRGxt4kbg
39;UC8dnBi4WUErqYQHZ4PfsLTg
40;UCYgT6J0U3pxRQngmVwpha1w
41;UCw-qpEGN-NutDLSdbJ364UQ
42;UCGyZswzm4G-wEfRQHgMSAuw
43;UCWew_LbiRfU_pn71wjfHV4g
44;UCcmpeVbSSQlZRvHfdC-CRwg
45;UCvjqPU2VieP_BtYNtnrNatQ
46;UCumtYpCY26F6Jr3satUgMvA
47;UC-CSyyi47VX1lD9zyeABW3w
48;UCl_Ksy6Yi1b4eEZ46FInb_w
49;UCEwlPFzuck7KyNAnsujkkFg
50;UCP0uG-mcMImgKnJz-VjJZmQ
51;UCnMBV5Iw4WqKILKue1nP6Hg
52;UCCgLMMp4lv7fSD2sBz1Ai6Q
53;UC1NB1xUQ8ItM5VoA4101lUQ
54;UCYPvAwZP8pZhSMW8qs7cVCw
55;UC1tnj_v8Sn-hWERFvqSjBWQ
56;UCcyq283he07B7_KUX07mmtA
57;UC_2irx_BQR7RsBKmUV9fePQ
58;UCwcH94eG9YYAn1G2nfw3j-w
59;UC90RW5ZmBBqp4r2QIQxfACA
60;UCTur7oM6mLL0rM2k0znuZpQ
61;UC7yRILFFJ2QZCykymr8LPwA
62;UCqnbDFdCpuN8CMEg0VuEBqA
63;UCl-OodciBGZ0k8K8rBZGe4w
64;UCaXkIU1QidjPwiAYu6GcHjg
65;UCUI2t1rGG2bzhwBOS4pZAeQ
66;UCrwE8kVqtIUVUzKui2WVpuQ
67;UC8p1vwvWtl6T73JiExfWs1g
68;UCULkRHBdLC5ZcEQBaL0oYHQ
69;UC7FjKhLqAnYZcYGhjnHtU7Q
70;UChWtJey46brNr7qHQpN6KLQ
71;UCHTK-2W11Vh1V4uwofOfR4w
72;UCJi8M0hRKjz8SLPvJKEVTOg
73;UCKwucPzHZ7zCUIf7If-Wo1g
74;UCsgC5cbz3DE2Shh34gNKiog
75;UCiqE4DQsQ0zlwjOV04s2gEA
76;UCgRvm1yLFoaQKhmaTqXk9SA
77;UCUMZ7gohGI9HcU9VNsr2FJQ
78;UCfPhyExfcaqJBKc3HO3cNBw
79;UC_X03U7OQQZcdOVxtR9HcLA
80;UC6ejCxeEjpMIjHRPD8o5prg
81;UCh6O-aBKR-99dg4rPy69CXg
82;UCK7tptUDHh-RYDsdxO1-5QQ
83;UCAR3h_9fLV82N2FH4cE4RKw
84;UCsNdeLwEZf86swPD3qJJ7Dw
85;UCJ97pLhPp-CU9Tj4-dp9B6g
86;UC7oRQA4vxSXoZE1MKk_Vh2Q
87;UCaeO5vkdj5xOQHp4UmIN6dw
88;UCeY0bbntWzzVIaj2z3QigXg
89;UCYlh4lH762HvHt6mmiecyWQ
90;UCittVh8imKanO_5KohzDbpg
91;UCdDDI_RspwNf_0AADlThxYQ
92;UCuFFtHWoLl5fauMMD5Ww2jA
93;UCoMdktPbSTixAyNGwb-UYkQ
94;UCSaf-7p3J_N-02p7jHzm5tA
95;UCQRIKdVEcMTIBaoHLMEN5uA
96;UChDKyKQ59fYz3JO2fl0Z6sg
97;UC_gE-kg7JvuwCNlbZ1-shlA
98;UCWccuWvLF2-q53g_liVLxBg
99;UCwqusr8YDwM-3mEYTDeJHzw
100;UCOF1iS7lmNRSWVqL8N3L6kQ
101;UC6ZFN9Tx6xh-skXCuRHCDpQ
102;UCEhsOgK2u8GDDoynMCj78Ng
103;UChBQgieUidXV1CmDxSdRm3g
104;UCjFKMoAk3qhRkW4eOqNm6dw
105;UCh_29tZb5uEmjoVyz3GhQpA
106;UCkCSiXuhwTybDnH7DDDP61A
107;UCHLqIOMPk20w-6cFgkA90jw
108;UC531MlZA5LUbeGwEN_zcppw
109;UCzUV5283-l5c0oKRtyenj6Q
110;UCsdA2TxaEme8CXfkG7R_v_g
111;UC3yDoaqQzOd1bNP74ZrGPTA
112;UCGU6Sw4NDKH3nO10vUfK0JQ
113;UCckHqySbfy5FcPP6MD_S-Yg
114;UCNZOrs1QBt8cJnv9ud96qRA
115;UCm4PlToTlCcOf-jUWSFB3iw
116;UCaf0wu3R1I6MdXG_upOk2vw
117;UC4KXXOyzLz6s0zfmDxvNA-A
118;UCe1Nb-N6XgLFHfGxZjIkF8A
119;UC9E91nmqihXefdZP1J7uEdA
120;UCvJJ_dzjViJCoLf5uKUTwoA
121;UCM2YmsRUeIbRkqjgNm0eTGQ
122;UCP6HGa63sBC7-KHtkme-p-g
123;UCGp4u0WHLsK8OAxnvwiTyhA
124;UCoDiyU0xjSXJhmKJCqLeCNQ
125;UCGy6uV7yqGWDeUWTZzT3ZEg
126;UCYxRlFDqcWM4y7FfpiAN3KQ
127;UCfASzlLF6VfxbDA5shius_A
128;UCKyTokYo0nK2OA-az-sDijA
129;UCef1-8eOpJgud7szVPlZQAQ
130;UCZA2AKnviqlEWZuGk2Kbw-w
131;UCAsvFcpUQegneSh0QAUd64A
132;UC9Rgo0CrNyd7OWliLekqqGA
133;UC_cZYFovNQTsKw1ZLmO_AMA
134;UC7FlLbNo66YsCEAPuJITiNg
135;UCWk-7Yosyvzln9ZzJg8BvVg
136;UC0p5jTq6Xx_DosDFxVXnWaQ
137;UC-SJ6nODDmufqBzPBwCvYvQ
138;UCZ9m4KOh8Ei60428xeGYDCQ
139;UCh7RhM7phrCTlgd9sLrUfXQ
140;UCHpw8xwDNhU9gdohEcJu4aA
141;UCJdKr0Bgd_5saZYqLCa9mng
142;UCKZGcrxRAhdUi58Mdr565mw
143;UC52X5wxOL_s5yw0dQk7NtgA
144;UCgrNz-aDmcr2uuto8_DL2jg
145;UCSrZ3UV4jOidv8ppoVuvW9Q
146;UCYzNg69k1vt9oPtcYJ1kuIg
147;UCQfwfsi5VrQ8yKZ-UWmAEFg
148;UCTrQ7HXWRRxr7OsOtodr2_w
149;UChonNrxec5og9RLAcGC91Xg
150;UCafYgzpyw7aIUYOLjjADu7w
151;UCdTup4kK7Ze08KYp7ReiuMw
152;UCDATi9UrhqjfVNxIKNizOiQ
153;UCczrL-2b-gYK3l4yDld4XlQ
154;UC1bYCLbqHZtf15jz7t1IHZA
155;UC-yewGHQbNFpDrGM0diZOLA
156;UCBQsZhoMwniLOCrBZmDkp2Q
157;UCdF5Q5QVbYstYrTfpgUl0ZA
158;UCAer56UeYJHfojAegm12NYw
159;UCpzsmNuUEmod64DGgBDPO-Q
160;UCQIycDaLsBpMKjOCeaKUYVg
161;UCKVsdeoHExltrWMuK0hOWmg
162;UCq4PBPL2FK1jzlaXdjNuvNQ
163;UCAjBd-r8JWfnRjfhg23nqLQ
164;UChOzmkBxTHbZNZdiiYolWoA
165;UCknLrEdhRCp1aegoMqRaCZg
166;UCnQC_G5Xsjhp9fEJKuIcrSw
167;UCrcpw88HvKJ0skdsHniCJtQ
168;UCfymZbh17_3T_UhgjkQ9fRQ
169;UCgFP46yVT-GG4o1TgXn-04Q
170;UCQaGmPHucuv33JQ3QkZA9HA
171;UCqORczZzT2zYP7iITooR_wQ
172;UCLMpRrItL5VWTbVIt5xTlxA
173;UCHd62-u_v4DvJ8TCFtpi4GA
174;UCIa1gc6HYm6caMuANx3D3tQ
175;UC1ocm-li9_XmPeAEzQD0PLg
176;UCC3L8QaxqEGUiBC252GHy3w
177;UCfLZYnPV_aCZu_4FJpY9FAw
178;UCjfYRVmU3JrKN78mLJHHUPQ
179;UCT3v6vL2H5HK4loLMc8pmCw
180;UCVgO39Bk5sMo66-6o6Spn6Q
181;UC5aeU5hk31cLzq_sAExLVWg
182;UCYGZ0qW3w_dWExE3QzMkwZA
183;UCl5YgCiwSRVOiC2Nd1P9v1A
184;UCPgLNge0xqQHWM5B5EFH9Cg
185;UC8Dj-LDol8r7zGnhn0onF0A
186;UC9YJkE1zzf1V4O-BbaYtzYw
187;UCCXoCcu9Rp7NPbTzIvogpZg
188;UCv98nH5lII-twQqyvFVRe8Q
189;UCxhBb3kP1gaJwpZpv-1pW5A
190;UCzfiX4f0hDjkyTVTOrvVESQ
191;UCQzzrNOmf-xduT_1_c-Mrrw
192;UClz-d22g9Lj7agZSbaRKuqA
193;UCUDQdVsKssximyFwg4IxnOQ
194;UCpbW96xFi7vbTM98vGMQh-g
195;UCWQ9ZFFhEqUZ0r1IspnBm6Q
196;UCt3SE-Mvs3WwP7UW-PiFdqQ
197;UCNJOoytm08XsueW6IoBhPiA
198;UCztSIZEGBfWfC3Mq63QXnsA
199;UCJg9wBPyKMNA5sRDnvzmkdg
200;UCf4FYTsGFFcdc68AUPIU3RA
201;UCV3Nm3T-XAgVhKH9jT0ViRg
202;UCvixJtaXuNdMPUGdOPcY8Ag
203;UC4SUWizzKc1tptprBkWjX2Q
204;UCaebDKlsyWzHC7IaqI_qSyA
205;UCmh7afBz-uWwOSSNTqUBAhg
206;UCloWBBZ3E9b9NGW3r30DN5A
207;UCldfgbzNILYZA4dmDt4Cd6A
208;UCY7dD6waquGnKTZSumPMTlQ
209;UCAvBcst08Tfo4VNtIaRPTNw
210;UCRv7Zeq1vh9Ly5OHZi6Fo2A
211;UC-3jIAlnQmbbVMV6gR7K8aQ
212;UCVSNOxehfALut52NbkfRBaA
213;UCI1i5R552GgNLZNGV_luApg
214;UC1vOCYEu3DfoI4fYcfWKmWA
215;UC8Su5vZCXWRag13H53zWVwA
216;UCyyP7tUlQYhYCDmqafg7Rpg
217;UCDsqO64pLl5NF6hKMBGXgQA
218;UCIrSLwV19akYI9CT9oQm7uA
219;UC5mwDEzm4FzXKoHPBDnuUQQ
220;UC35KuZBNIj4S5Ls0yjY-UHQ
221;UCME81PohuzT1JMCsEtvsD2w
222;UC8yH-uI81UUtEMDsowQyx1g
223;UChY_M9qsqUKfOFt0B8KJJYw
224;UCNIIjQpeKP3FdGPrj0pNyQw
225;UCQqPfE8CIUhdp5bEdC_zKXQ
226;UC_8GvO3YwjENDIMasp7fFxA
227;UCiAH2s_M6nPfGZk-PpfyPkg
228;UCFx1nseXKTc1Culiu3neeSQ
229;UCla6APLHX6W3FeNLc8PYuvg
230;UCDS9hpqUEXsXUIcf0qDcBIA
231;UC-I8Yhx2Sf-5muUol-ZHvCg
232;UCsYOty3cKAzMn36xW-jTYog
233;UCWwi3Bj-UCo05ZHqW8CYFQw
234;UCe59qUJndCWEr8XWpDWm6Jg
235;UCg0BZXZm905Jr8g3S05XPIw
236;UCk27vEx33POgSspSUUuzRow
237;UC9IQhNgS43lmUdU-KdGyb0A
238;UC3M7l8ved_rYQ45AVzS0RGA
239;UCz2yxQJZgiB_5elTzqV7FiQ
240;UCG749Dj4V2fKa143f8sE60Q
241;UCynnaLjbRFteR4vDdFw9caw
242;UCvVn7_ff9w_Lw4S221qXoMA
243;UChD-zWutIego-bcHKOatFWA
244;UCQLEbraENUGWh6p1Rv664rQ
245;UCl13d2BTcnn_wQmlpWV_Ctw
246;UCAeWdyKJXGWmVAXFpgLNNTg
247;UCt_Dh1mHXmshdOXhWfWJIUA
248;UCPfA6kLFT6WXlcp-doxnG5Q
249;UCTSvHZkOStz5Ak2J_q6YRlA
250;UC6ickpgDIsltU_-8CbZaksQ
251;UCpWvshQVx1d7BqCsPnVuNIw
252;UCs3iFCPtX0gzkKxCrobO4ig
253;UCKgJEs_v0JB-6jWb8lIy9Xw
254;UC5O114-PQNYkurlTg6hekZw
255;UCAgmiBSbOpoqTzLqW48hjEw
256;UC7fWeaHhqgM4Ry-RMpM2YYw
257;UCEtaHyShEmJ1_2LMCgQG-NA
258;UCio2EyNIItdER5t1obHTtSw
259;UCzuqE7-t13O4NIDYJfakrhw
260;UCJCUbMaY593_4SN1QPG7NFQ
261;UCKjU3KzdbJE1EFcHVqXC3_g
262;UC_wOU3PYfF5yNQ00nthAkfA
263;UCZOP4KKUhOuhZKagI2b9viQ
264;UCt7oj318jVQi7vRbc1bNjJA
265;UCIzXayRP7-P0ANpq-nD-h5g
266;UCVT1tPkR-fUVlO652EcO3ow
267;UCe-4xQosMQGkIA8mT4sR98Q
268;UCiiNw0Tnqoe65x0Bl7KzP3Q
269;UCWZtQWpe1C2AksuJ5_eCMAQ
270;UCO79NsDE5FpMowUH1YcBFcA
271;UCqrJfqXKFIBs4llVPipWppg
272;UC8Xb-hkR53QVN4GlUHi1iZg
273;UCIRYBXDze5krPDzAEOxFGVA
274;UCCK3OZi788Ok44K97WAhLKQ
275;UC83jt4dlz1Gjl58fzQrrKZg
276;UCMTk_R_Y49jvq-HQXDmKI0Q
277;UCCvgLV2Ixb8KCemj-UtXZ-g
278;UCHBDXQDmqnaqIEPdEapEFVQ
279;UCHX5-wIWTaClDu6uTKXKItg
280;UCZfsrIV68Oegr5bJgAMLBDA
281;UCtlOBrA93cytbIp0YzX_0YA
282;UCPEwoZthpr3YZzrvlowpqgw
283;UCF_8RHjeC-Db9u8hg4JxY-g
284;UC2nQYGjfe9I_tgWpqgJorUg
285;UCmBLIcqOLWwrrAJ-jaCttqw
286;UCo7a6riBFJ3tkeHjvkXPn1g
287;UCIHJMzz_wfpggVFf-PJehlA
288;UCENc-ImCfgkqHbCWIDhMkwg
289;UCSWSOS6YXUbNMzTH-tV7Pfw
290;UCtuuSv_4r6op5RHDs9HzsqA
291;UCckltLEhFLv8Xz_lQhYfwmg
292;UCuyRsHZILrU7ZDIAbGASHdA
293;UCNbIDJNNgaRrXOD7VllIMRQ
294;UCczsYSRGukY9LA7Fd_govMw
295;UCjHWKUbljF4hp3s5PbgK9uA
296;UC3XaG-7UVi2vD8ZZEMNnnpw
297;UC09hwXZEtHcScFWebDsj7cA
298;UC8lVvurdhqV2-cTizQjh4wQ
299;UCdnZdQxYXnbN4uWJg96oGxw
300;UCIBaDdAbGlFDeS33shmlD0A
301;UCIz42pf8TnHm8K_exdtTA_Q
302;UCIALMKvObZNtJ6AmdCLP7Lg
303;UCPTF7suymU_TvRvRPYuHdvA
304;UC04KsGq3npibMCE9Td3mVDg
305;UCtFQDgA8J8_iiwc5-KoAQlg
306;UC6IZlvDki7kzB_y6F4WzUCw
307;UCEHsSWvrGVSIA63OV3J6vhA
308;UCn4sPeUomNGIr26bElVdDYg
309;UC6o-wWU-v2ClFMwougmK7dA
310;UCb--64Gl51jIEVE-GLDAVTg
311;UC86dbj-lbDks_hZ5gRKL49Q
312;UCsDb5pOn303kWylYMjlLUWA
313;UCzSSoloGEz10HALUAbYhngQ
314;UCeS9Gr2R2nJa_wrjUke2-Tw
315;UC0uVZd8N7FfIZnPu0y7o95A
316;UCCV7K2S_CHf0J9QVpRH2CnQ
317;UCWuhuCxZJJZ-LtaKp_ucEHw
318;UCIgbxKzg2BpGN_AQ6uarXDw
319;UCJEDFSxHHOW1PpBccdSxOTA
320;UCCTrqrHKqdS915K-TpMG6pg
321;UCS6edfxHQU-dK1k7eUVawmw
322;UCI3RT5PGmdi1KVp9FG_CneA
323;UCaxR-D8FjZ-2otbU0_Y2grg
324;UC6CZwQv8cbZco3wOwtp7W2g
325;UCmRbHAgG2k2vDUvb3xsEunQ
326;UCsN32BtMd0IoByjJRNF12cw
327;UCo_hCisNRWC3pmRuuEqfP9A
328;UCYWIEbibRcZav6xMLo9qWWw
329;UCytSP0M0Jdnw6qIy3Y-nTig
330;UC6UW8OOQQBGdwmnaYLh-qdw
331;UCyAN55vvo8odHHg7QY1pf5w
332;UCAXz41pFbZsjfa0OfJsCtpw
333;UCTiL1q9YbrVam5nP2xzFTWQ
334;UCsds13ppsZ_LT2fmGSIsSLg
335;UCMV4ILxQfeiCRbTLLiCXcJg
336;UCL9PlYkRD3Q-RZca6CCnPKw
337;UCT4ZAqOV3-2s5pKnBEhh4fw
338;UCGZhGmHaVqdtTge4dcoxRzg
339;UCpiCH7qvGVlzMOqy3dncA5Q
340;UCFjOi1ZpZVErr8EYxg8t1dQ
341;UCIpwPuJsrboNnf200oV8cWQ
342;UCT9D87j5W7PtE7NHOR5DUOQ
343;UCIvluz1npKgjwLThFQCJl4w
344;UCjXB7nX8bL2U2sje8d212Yw
345;UCw-kH-Od73XDAt7qtH9uBYA
346;UCCO7hadK1HMgY2NAHJ0TjJA
347;UCYgQ_QOT21HE1nI4a1KyM-A
348;UCHqC-yWZ1kri4YzwRSt6RGQ
349;UCwnKziETDbHJtx78nIkfYug
350;UCk_LLcOS5hWWgcMHH87HCNA
351;UCeoyATtDjeDXGQzH2ANaYzQ
352;UCdVSlmNi1uyfsgOAT_TbVyg
353;UCsD-Qms-AkXDrsU962OicLw
354;UCDbAi40-xo98C-KlWFO6KOQ
355;UCK0z0_5uL7mb9IjntOKi5XQ
356;UCPEtLVcpbX6I2oqRrk3-08Q
357;UC6JEz6BKg7hX7idKecN7QYA
358;UC6urR4LXoYAgmZt0vdDDwUA
359;UCxlr8HztjOTxnc9hDVVOW8w
360;UCaVp-iXRPfiSxbkhmi56IHQ
361;UCG7uFJVZsxQRwDssom9Pavw
362;UCGTUbwceCMibvpbd2NaIP7A
363;UC4jYxQXFqB5q6INV6WEQC2A
364;UCKXfDZOE-0HSm9-k4zG3VDA
365;UC0rZoXAD5lxgBHMsjrGwWWQ
366;UCLUrVTVTA3PnUFpYvpfMcpg
367;UCp4oMaqaY0hIoT9jafj1g8g
368;UC_gUM8rL-Lrg6O3adPW9K1g
369;UCFA3Ldt_TKmn9-JJXRwT-ow
370;UCoUxsWakJucWg46KW5RsvPw
371;UCSPEjw8F2nQDtmUKPFNF7_A
372;UCuh8cYbV_1ypDlQHP-ZVGRw
373;UCdEepI9CRYamqQkFWjbTyRw
374;UCa-bX3gZC3YnCThlGM5d38Q
375;UCBTqv6JHeK1Uv1ccGgh3Avw
376;UC3ScyryU9Oy9Wse3a8OAmYQ
377;UCXgYTd14dXrgUSJmenluBxA
378;UCaSlyjhR4WC7QhYuaivxb6g
379;UCFQgi22Ht00CpaOQLtvZx2A
380;UCo4cuctdb-1YdZNgWEVZGwA
381;UC413buIG951MQ3mFOQ290yA
382;UC7qRyUvlsuXGnfGuOrLRG0g
383;UCwga1dPCqBddbtq5KYRii2g
384;UCxzcBfvmeLmUNjlyM7FMgFg
385;UCV1DtcIW2eBJ8fEXBhc9a9w
386;UCrmm_7RDZJeQzq2-wvmjueg
387;UCubZ7j3sba8uguy8Yq6xi_A
388;UCaYw_yJ_YLPEv6zR2c7hgHA
389;UC9f78Z5hgtDt0n8JWyfBk8Q
390;UCJRjK20fHylJyf-HiBtqI2w
391;UC65EDzqpOAQZLBmAdHAnZng
392;UCm40kSg56qfys19NtzgXAAg
393;UCU6GtE3qywu2nCjHI5CoUmw
394;UCsGg9JQ4X7u2A6gCEmtVRmw
395;UCMDzPE_7fcZSRJgpwIVor_A
396;UCJuHKSaD0o7mX6jSbvisnvg
397;UCQcPBLsq9rRc5TxDqSz_Dog
398;UCRXuOk2U792ckMIa8guVB3Q
399;UC2br6MnWwypDMXqYxr3wCrw
400;UCXS4HjI1kSq2Um2c7jrn5Rw
401;UCMeYPU1YfXjxsUa6QXWsfjg
402;UCSMqateX8OA2s1wsOR2EgJA
403;UCQANb2YPwAtK-IQJrLaaUFw
404;UCrp_UI8XtuYfpiqluWLD7Lw
405;UC7TvL4GlQyMBLlUsTrN_C4Q
406;UCLbiHTTFeFBTvcU_D98PCYw
407;UCWOkEnBl5TO4SCLfSlosjgg
408;UCX4py0rkBIdjUqNJCH_JQDw
409;UCu8ebUHoKbhVY0tavNdhwvw
410;UCeISWpMwTiVIHhmid5lj_1w
411;UC1P3-TgL4o4C5rl0QB9pvEQ
412;UCRMoZ74ttDwbGJiFL_wZgvA
413;UCkH1uDkyuO9sVjSqdqBygOg
414;UC05q8S7nZ8nAL1RjOe7DOvw
415;UCCbW6SvssPDD9xCvQ2DOHBA
416;UC9G7jw0jhCwZOHp0QfUTk_g
417;UCLE2DRceHB_EZJA0esMjU4g
418;UCJbGQNou2GBFAi_fnMP2_4A
419;UCJ36XbT02JNAlBEBgZtW7GQ
420;UCw8Fc5R0Q5yyS3KrDCPM3xg
421;UC1xMoLlrv0DJ3hcBo914a2Q
422;UCY_Bq1AF0xvPUjaAqV7kweA
423;UCrOXPKiTSfjY-z7y0MeR05w
424;UC4SH8rh0OjYV3zwqnIfqNbA
425;UCCatR7nWbYrkVXdxXb4cGXw
426;UCoICcX83F-zYPSDHdXteSeA
427;UCrxGiLZ6q4Aet0ad9DCE8og
428;UCK0UUsCjtMRNtS3BPh1Yc4w
429;UCWXPkK02j6MHW-4xCJzgMuw
430;UCvfcp_Uqt8R5oyHRDAFlPaA
431;UCT5Il74RIOZd1U9kMSey-tw
432;UCY0YIply-je0EhSWLgpftVw
433;UCKnyVIW5QvfnsXddsjFKx4A
434;UCNubVnWP2CcaRtam1sS1N7Q
435;UC_5qxE-6ITKqNYK6Z7EZYtQ
436;UCz9jK123qAo5ATWtuuCn8IA
437;UCLo0zKZk2zPxQXEkDBHa2uA
438;UCrg0-urZtt8U0eFS3kq3cZQ
439;UCtHtAqU25r70T0lIwjob0fg
440;UC-LGacAu72ou9bsBTj0I1oQ
441;UCWOBMsWmB-petHJs8BarYGg
442;UC6HyKpYWmX4zsy6_bJZIK7A
443;UCNiNWbmPWehjpQohglWsKxw
444;UCjo1uN-aM3rmBV46xj7l2KA
445;UCrCjj30QhGe60Wtb5GzTCJA
446;UCl9roQQwv4o4OuBj3FhQdDQ
447;UCwQjXDfumjqAXnkqi2AtsNQ
448;UC3q-ByZ2eoOikcEiajMYXXA
449;UCW4MQYT4fh6yZbmUPhLFvqg
450;UCKlgbbF9wphTKATOWiG5jPQ
451;UCb1ScGnYiuIlc8AT5if67hg
452;UCelSi2mWoZVtiUd9eHKByWA
453;UCaFxVc4xHOea6s5CO0eBxIA
454;UCFRlIV1mX-traJb5fd7S3nw
455;UCzbsIwvd62ytZjBve_YcKzg
456;UCustbySVJGb659WDpdkeATg
457;UC0Um3pnZ2WGBEeoA3BX2sKw
458;UCBcRF18a7Qf58cCRy5xuWwQ
459;UCHstNaT6R-1zA0lBU_XBr_Q
460;UCvqtzdcURSqNjY9RQEK4XmQ
461;UCTOwFQ6YWiOreQZ7fpkPJDA
462;UCug1cL7vmUvYooOjXyHjsxQ
463;UCV6hWxB0-u_IX7e-h4fEBAw
464;UCgjKoxF0smCvd0JpraXRXCw
465;UCfpbDgJez7lIweqI3TO2rRw
466;UClj1qXQJzFEIq6prVsApR1w
467;UCj7wKsOBhRD9Jy4yahkMRMw
468;UCH1dpzjCEiGAt8CXkryhkZg
469;UCBR9lV3mehqj2LmpZcGeefA
470;UCWtlPzcP989da26sVyHPzqQ
471;UCIjuLiLHdFxYtFmWlbTGQRQ
472;UC_vRepQuzI527GtEP1pGYZw
473;UCwpDBy43upJR7LZLrgnKkPA
474;UCH5_L3ytGbBziX0CLuYdQ1Q
475;UChd1DEecCRlxaa0-hvPACCw
476;UCswUFTHsWJ4dWAPGOlDLe6w
477;UCNzJOIRni0KbycasTqj7JyA
478;UCI_mwTKUhicNzFrhm33MzBQ
479;UCqbgQXCB3zkBmGwSA_zmw2w
480;UCesWdF3y6YZZWrHEGy1imUw
481;UCrn698AOJJ69zWN9Z_kTAKQ
482;UCOBNx5Pdw7FZkh2oQR3i9SQ
483;UCcgzUs1fFKqqhWS7ZN6e3Bg
484;UC7Q4rvzJDbHeBHYk5rnvZeA
485;UCT5jxI_OYY2r--TjAGXD03A
486;UCvRAX-ujvZ0eTMLGG2vki9w
487;UCLuyKHbQI6gA2BuLYHfInCA
488;UC9_XmAwE5szLHF76FjMylaw
489;UCmv5DbNpxH8X2eQxJBqEjKQ
490;UCRLB4tEnFLSm1oV3yhdNplw
491;UCHnP4h7CkxDtQXV-kEGS9FA
492;UCrM7B7SL_g1edFOnmj-SDKg
493;UCOAeoP7ttyZVTGdz4dRXXtA
494;UCWq53_f3zgMcWuE-XFKSpyQ
495;UCExEH_AcfrEU4s5zobFZaSQ
496;UCyNBN0vjtxDknKMXmlMfNQw
497;UCvpY6tqlr3aSOktqfXiTGhw
498;UC29_CCc5qpnRaVryYIKiLeg
499;UCo9oQdIk1MfcnzypG3UnURA
500;UCKhrdkoY9_d7Zk_3Q0HtcqA
501;UC_Lnb8ZHqqgLbp-7hltuT9w
502;UCMOWB-s0Kek9o9sS8xA_kZQ
503;UClYy4qKN8VkP-myoE9geWtw
504;UCIYLOcEUX6TbBo7HQVF2PKA
505;UCk7rHVFVs1Uf_dDOPKc2l0Q
506;UCBH5VZE_Y4F3CMcPIzPEB5A
507;UCy3ykijkNXU454MlmPno0BQ
508;UC0RJJ_Wm7jyOU9eY10LgcwA
509;UCbJg2U82-8ucpaiS-41jK3g
510;UCRPLiNeBXlPXA-crUb59PFw
511;UCXTuTQZarVcFR_fgQXvsLpw
512;UCG-G8LLr38fQUNZU8K0t-EA
513;UC8SPhPoZ1FZs2fu-o1Gb_NA
514;UCCsiAKRKcgzA_372WbXNBaw
515;UCqQy4sFRqKXZciuJk9l5RvA
516;UCRyubPWBc1BMsVypH1a4Jmg
517;UCuMo0RRtnNDuMB8DV5stEag
518;UC7GkAMtGRb4ri752wv4I0bQ
519;UCa3-BNaCeCvGSfhMuotYskg
520;UCg5aLF_5l4ewnAggzA6J8wA
521;UCm5CkXzGXb-A2XX0nuTctMQ
522;UC0fRj5bQhIFiT_BlbGzz-0w
523;UCmBuoU6ilbHKKkTT9BITPcA
524;UCX15yQQOgUllNFd8wNRV1KQ
525;UC554eY5jNUfDq3yDOJYirOQ
526;UCOWF2oK605qOVfkCy3we32g
527;UCJnS2EsPfv46u1JR8cnD0NA
528;UC1X6rdiaR7QyH4CQJiPp3PQ
529;UCzWwWbbKHg4aodl0S35R6XA
530;UCpf2Lxgf10AjzBT4GIIgDJw
531;UCI9o3l4RpOIFk1g4k-LY_kw
532;UCvTzb4xInkINR1je3-LCuGg
533;UCA2f1lPcwYpBKA4JBMBHDSQ
534;UCLK-K8xXz_zgUZxO2bK5miQ
535;UC7gnIaOvTw0EOiqGMdGynmg
536;UCFGmA4owCCCb-rn0DrkDypA
537;UCYI_ychRnL7sJrG6PUSBpQA
538;UC2g8WrjKpUrUSEWJQoClzOw
539;UCzFSNq-Q7QV6kBSw9zCoVXg
540;UCuErSr7xeR763BzTJL7yJ7A
541;UCdQaMnY_gERhv-aaipvVS7w
542;UC8Ioh4atNDO5a0Vy2qFmauQ
543;UCqTa3sNT6SfiQ2DQK_kuWlA
544;UCc9AcYV1LLCQItbeDkhYvnA
545;UCWtHmWSfRqW94fKxcErRqtw
546;UCaqcvH8EvUtePORpN03jLMg
547;UCp7EcmKQH2wnuumvLxFnTsw
548;UCFfD9fWqkT4PNy7v6r8ilmg
549;UCt30-N1fyW4evMPMocGlPDg
550;UCx7jt4I-KPT6guTWwLxn50w
551;UCpR_4YnLJAphcr0VI5yR5SA
552;UClJ8Z0YvEm-ClFj3fdQgQkw
553;UC1WihDhMU5xLAdQ7-on3u0w
554;UC3e7Z56naX4KTrs9l7nSyWw
555;UCJbUNSs8zA_FlSMzsoyag9A
556;UCfvBdJc19LgQ9MracAerOYg
557;UC0YvoAYGgdOfySQSLcxtu1w
558;UCXdcyAX_yF0cNUW7NXlH0qA
559;UCw3SYO_euO0TSPC_m_0Pzgw
560;UCwh_2Tw0JzkOEv74yvc20IQ
561;UCDmNmxF3ZVMeGyvWE9tOqPQ
562;UCgp4A6I8LCWrhUzn-5SbKvA
563;UCrl_a3x3SwJslGog5ZFLbJw
564;UCA1EHjwJ9RN2we7WK3MPiMw
565;UCe2PK9vNxfogdvkx4jqB8uQ
566;UCKrz9GW8_Dtm41aOc05S4Vg
567;UCoJTOwZxbvq8Al8Qat2zgTA
568;UCyYrS70unXk8Yg5B48eBIxQ
569;UCDT1meaKQ_D1HjhTGULNbew
570;UCbla6hUtoT3GYbsTkX8znkQ
571;UC2xr3AlQuQOVyPhS4ecXEMA
572;UCtUJUaDEeEjc9n2G2nSW7jQ
573;UCMasyWuE1P2AaEKw_FkGq9g
574;UCYC4ijpFZY_CtdElWFyy-Gg
575;UClDAdF7QCpKHLrE3F_VZjrg
576;UCxeY-wRrb65Jt37QHa5xMog
577;UC8QIPqRrkT6y-3u_pGkgUmA
578;UCf1EWeQ7DefD6Ds3KdeQ-uQ
579;UCpRQuynBX9Qy9tPrcswpPag
580;UCkJ1N-7g9Q6n7KnriGit-Ig
581;UCkSllUpc8cedRe85JkqLiBQ
582;UCruQg25yVBppUWjza8AlyZA
583;UCbjBOso0vpWgDht9dPIVwhQ
584;UCAql2DyGU2un1Ei2nMYsqOA
585;UC3prwMn9aU2z5Y158ZdGyyA
586;UCvaHgYcWAAcn5D54w4Dqezg
587;UCOv97eP4avQylb63qYy2vog
588;UCF7hznHog_lCTbwxjj1jrPg
589;UC1At8WvjglVCC8TfSXit9Bw
590;UCxVwSpuTToZR0gN2sWv5BWA
591;UC_nJeCjNWjM6fu48td18FGw
592;UCpuN9UlQ_Ba2AogCCm6hsgQ
593;UCrgcSjqcpKlXP1DM1cmfHnQ
594;UCM-EDqedWJWywnc0neeaW9A
595;UC1DtEMePmr4O6F2do6BVl7A
596;UCguJ7EOi-qn4ygQW4TFeS2A
597;UCb1Ti1WKPauPpXkYKVHNpsw
598;UCraev8i0lKFrWIGP-zpxWRA
599;UCBpSlvedUI6VmwBjQLpFb0g
600;UC-PoCqWxInxzN-9r9FxXJGg
601;UCSJx2iNjVaCCPaB8SPU_XXw
602;UCOoqhaPA8ASH2VZ4df_8qCQ
603;UCh4396Mp3futpjWk9KQhsig
604;UCMsyZr7r4I0DPMMTTyOYoOg
605;UCsL03z5sLvA0t8sjwDWf_3A
606;UCkbJx2xXX0RjKbY_yxcds2w
607;UCVI5brxPa_2HqoaZI-HKJoA
608;UCv6Sy9ECltF-lMOn_v8vJNw
609;UCJkOZZrGNEJYDhzVwd24Bfg
610;UCIVk1L1-JmpdiGuZcVjImtA
611;UCk0rJN52_9-cLGW-TeZwDGw
612;UCD_DaKNac0Ta-2PeHuoQ1uA
613;UC7F2QS7wk6Eq9Z4uabl5rmg
614;UCvi6hEzLM-Z_unKPSuuzKvg
615;UC_kfSC1Zcs3HY1TsuZCBwpw
616;UC8OFFRbUn1axWAGqX5Sw4Zg
617;UCO0akufu9MOzyz3nvGIXAAw
618;UCZr49eSL2aHQ_41476IrkbA
619;UCAlyMWAIrL8Nqz6K4ScZ90Q
620;UCMDxbhGcsE7EnknxPEzC_Iw
621;UCw5pSFA1KVZJruigo_FVv2Q
622;UCN7fQunzg9neGHfEe3A7ZGQ
623;UCoRpKmC6a-DdEa1ohxlCgUA
624;UC39jLNl2UpxDeYVYCToA56A
625;UCP3zJUZRPyJh4VGiRd9pqgg
626;UCBU0SoyQRFlxZdxoOiHPTYw
627;UC7_VH_kj0aD9vhuHmFheUYQ
628;UCr7Sjq3a3NgbbqrO7bK7tCQ
629;UCqlYzSgsh5jdtWYfVIBoTDw
630;UC-2MJlKSq9_pYk5-bdvMhnw
631;UCypMLiyzMFoBQFAu346lh7w
632;UC4OvD2yIbofl9l4dIlqSNMw
633;UCkeGEMunZIoGUyP7z0pMYmQ
634;UCT8RMFbTJV5ILaVykrluOQg
635;UCt8lRYpzb-sSrKFb4DT2ECw
636;UCKsQGtvIZlXyP5REdh2am3w
637;UC3IHRoPoCPb7OggSrZdCX-Q
638;UCLTZ5y21NnklrxpU5AfWd8w
639;UCxxx4M3jP9HcKLHJ0dFLe7g
640;UCuDv5p8E-evaRSh542hDV5g
641;UCDoiiV4ZS8wKU4S8bfp_nPA
642;UCvigF4eNhTcRQ6qUNYO4I0w
643;UCYY-xsfMg0TKz-gwQOMhcWA
644;UC-7vnmA1Zf1cRyqs9aR77ag
645;UCfDdlNLRVb1h3_7Xh-WhL3w
646;UCwJq9pqEEUr5_OmwBWQxDKA
647;UC33DZIOL5BhWju6kq1-bqmA
648;UCBq1lbEljHrswhHy6y4rpig
649;UCKuSaHewQKWjR2wFuqfkMEA
650;UCmWhuFRkZKu0g-e1xrlakVA
651;UCPf55sis3jNICWi3K1NsJMQ
652;UCLH7qUqM0PLieCVaHA7RegA
653;UC1rnp-CySclyhxyjA4f14WQ
654;UC1JX9Ojk8-V2EAGKjoSLRQg
655;UCpwXjOAwWDuWlmA2gTjjBwg
656;UCPQVjsisdIbtLZWeWgv3-fQ
657;UC1_E8NeF5QHY2dtdLRBCCLA
658;UC7dkMoe_i-xfdkf0uMIMsWA
659;UCwTPcV7Ak06duZRH7wG6g7Q
660;UCDFe_yKnRf4XM7W_sWbcxtw
661;UC_ab7FFA2ACk2yTHgNan8lQ
662;UC6cMYsKMx6XicFcFm7mTsmA
663;UCnyRTRSD461YreWFcLhZAlw
664;UC3uahMpyMZrFqwLod5Xc_vA
665;UCMfKNuYXBc9bxb0fg2cGTBg
666;UC9pLAJfsadl_133T7-bgitA
667;UCZTt-Gs9Ht4_wcI8_CwP0-g
668;UC3VHfy8e1jbDnT5TG2pjP1w
669;UCEuMQ0H-7VYfox21BvmjjsQ
670;UCxshhzR907v2w6DjICyAgLQ
671;UCLEQTAREdFM_m8sb0x5Ybyw
672;UCLMSv1UJp9sfoHyo-9s6sdw
673;UCUSySH2YjIwsDu2Hx6DWwTA
674;UCTln5ss6h6L_xNfMeujfPbg
675;UCY8x1K2FMBw-jm-WCPbcHEg
676;UCFt0NILvZnchz4ezQeh-Auw
677;UCqTI6pSLAZvX48Xu-NbmFMg
678;UCPhWzlk2lp7t3N8-HJL4sVg
679;UCV61VqLMr2eIhH4f51PV0gA
680;UCA5hOHgxCuXdQsg99Yd7HFw
681;UCUReanjEVG0atLd7xyXbdFg
682;UC7CXDA7ZCU9Od6qzQr6phww
683;UCQv44qD9R5Ae6Z3iUeZm7iQ
684;UCtjmWttibtOsdow5lYBD-7A
685;UCHq777_waKMJw6SZdABmyaA
686;UCMuseXfHe2dNgFM6wshlUjw
687;UCKCHGNDAs9FXowFzUYfDz_w
688;UCwd8fNhb8OPLPSNELSys9pg
689;UC5T7D-Dh1eDGtsAFCuwv_Sw
690;UCrLJfCNu5_VoYzXfmPyRntg
691;UCAAmkc2sRESFoEtiKRTaTRA
692;UCbQ4rmsy9dxaq5G6Om2DvfA
693;UCJ-qLG1bdWVrHM-Hu2W73CQ
694;UCla9GlqG28i5w19k7Fjq29A
695;UCUrzj1Hr9fd4c-iWslnaqkA
696;UCBTNyrZoiTweJ1PZsJgdWTA
697;UCzHkx1mLd0osZ1C2tPu8DoQ
698;UC6P8LT59hNgA8bes61IA9Ow
699;UCQNqxS0Fu6CmzmVHSlnrShw
700;UCEMnbZhWrFqp_LzBxei60cA
701;UCx6h-dWzJ5NpAlja1YsApdg
702;UC3iVde7DUj4hOQgnHbxVuew
703;UCriIuQZpMi6gEt_2P7xKCww
704;UCz4a7agVFr1TxU-mpAP8hkw
705;UC51_awyLXl2nxCduuzzmw4w
706;UCmgnsaQIK1IR808Ebde-ssA
707;UCfGsBebGrr1Cwlp38gtT55w
708;UCinjnmQEwCddOudyCC1v7qA
709;UCzF4Ryn8TKn64md77gS5Q5Q
710;UCXlWT5y31RESuqxtNLvrtfg
711;UCdk5_7EZfPGouBqkuJ4pcuQ
712;UCaEgjV59fLXgnN5BJdLsD3Q
713;UCiMg06DjcUk5FRiM3g5sqoQ
714;UCF4LEacx9sDvAbEJnlaJfKQ
715;UCenxjWEkb0Sv67vejOgZ3Tg
716;UC_7vFlErTHxVD-IFNB-BFCg
717;UCw14RqKlnGoxHPHmqO9LxEQ
718;UCv8PPAOdskfoei_6X7Hr7lQ
719;UC3Xlgbc8gq3NOMmdEUAlfGg
720;UCawNWlihdgaycQpO3zi-jYg
721;UC7gp2uhkFamcSxJqIC1JmRw
722;UCc4iogeOUXNw1RZSNTOlMeg
723;UCP4BdwPKyYnfRLjSNfGAPRA
724;UCD7_ALuBe9-SQDZt_mLJC1A
725;UCK-6FjMu9OI8i0Fo6bkW0VA
726;UCaV101EM1QayFkP0E7zwXCg
727;UCJnpF9oROFPvd7wWbPUDdGA
728;UChirEOpgFCupRAk5etXqPaA
729;UCrk8sqLJ9QsFbq1NKFAyvBQ
730;UCye4vgnpd420fGAJlchVVYg
731;UCXVKlt8ddkf0zwc5X8UNTlg
732;UCidw9vuO3Mu5VXnUMFc1H0g
733;UC3dZNn_1-kP76SmIqy4rHSw
734;UCgCioVVEwuZN94-DEQeCBYA
735;UCv002AUCZaPNwiADqwchijg
736;UCHnwah__SNoZERotFo3wbjg
737;UC9kV-bk4Zfq4k_73LRWA3Qw
738;UCSYCo8uRGF39qDCxF870K5Q
739;UCINTtL1KsJjI7ipZux0MLtg
740;UCbqsuUhVpcz1dDhEHxNUUEw
741;UCx-h2AWPCBJEqzH9HXe2ZIA
742;UCRS07TwUdb9hTnnX0r5CuxA
743;UCkz3m787ygph7Uvjxzngl-g
744;UCSgeCjcPYYZXR62Cykv43sA
745;UCwnUz_hisrXU2hylXsz7Fmg
746;UC3Rfg-JZZeLRBb8ZKP5xv6w
747;UCJ5tGmOJP_CEJMFVJ3nipvA
748;UCF8HUTbUwPKh2Q-KpGOCVGw
749;UCAHmI3MPpk5h2DzcseyXAgw
750;UC9sXw4ZdPEIp6bYGvLW-_iA
751;UCo-l5eRAYHWjQtuhWsb3jEg
752;UCLKJThNsMXfridSO3vgwNvQ
753;UCnYlMfpbCIg54cEyUiE42vw
754;UCLdZo0Mkh_z2IQZSmD8Iy0Q
755;UCz81IIi1Fu_TRUvrc_iiVDA
756;UCKw8kdkYfmuNSVehGoDw8Mg
757;UCJmSX7ghommK3pwMLGNUvPA
758;UCDMdPrXn8NKcLkS3OgQGYZA
759;UCesrUK_dMDBZAf7cnjQPdgQ
760;UCVsE1h7d6-NnaSg2JQ5vRQw
761;UCI4lx9retCL7_cBmmceEQ8g
762;UCaqVUxQ3IQRaXgW2NQ-q73g
763;UC2aQGaCZjQC1lM3DOwbCIFw
764;UCI72xhrMevUl_-GWHTeWuUQ
765;UCe3SGLXfMSyYlLvnaID_hJA
766;UCD4cTRgcKXmBaH62BsepXvQ
767;UCpbyOgUSjTSPpvVUAT2OyHw
768;UCv-SIJ93OyzMeBfs3-SUzKw
769;UC0bCUnP5RrkJZUtd3bBz6Kw
770;UCIAXaU6LIcZyoHYWqVLM4wg
771;UCVT2XddlO4Hxb2fe4dVGrIQ
772;UCzZpgppwC_XQMe8lFiI77-Q
773;UC0LYhdiORc4T3i2YVgdtDpA
774;UC-BVfBm27vcdQaH20dnfTpg
775;UCpFnf2JdSNcewXWY-idYSZA
776;UCWCEYVwSqr7Epo6sSCfUgiw
777;UCUI9vm69ZbAqRK3q3vKLWCQ
778;UCVJtDvrR27PQBcsVGZp3Law
779;UCLzTTFYJZCEyxHv_zdF26dw
780;UCpE5S-iuV221aM4vxaHbU6w
781;UCvoGqD4Rrl0nsFxlsjRvx4w
782;UCo51bjbXU1YxOkv7EIlTi1g
783;UCwG6a0PK0AVtj3S3d_DT0oA
784;UCQaDjAIpg-pd44ats-HXCyA
785;UCLEjyVgmVRBcYof9UI0VLEg
786;UCJb1MeQClvGeSMeBSVLKnDQ
787;UCZNjpcQLBx26W6lDWvpg7PQ
788;UCzmDDWDw9N7aB5Q9IWvQKfw
789;UCX17igkZ9JhU64JoTBVSWeQ
790;UCv7bObYhwkJQM9dSelNbRNQ
791;UCLhe0ws4_Ks-nzKQg8K86Vg
792;UCacDFHq7F2k8sAvR_D-nIWQ
793;UC5bEfSFTYQVfLCwkhBt8NtQ
794;UCjbgKUcTjpxmuW-8U0LR80Q
795;UCuHJMn2CfyxMPGPzFww_3bA
796;UCmuTmpLY35O3csvhyA6vrkg
797;UCSpeRyVO89aVsjVq5VFjXRQ
798;UCN_qIhm7BAq9Qxa6j9XMVXA
799;UCTq2djCHU2srPIeNY33hoCQ
800;UC4nXWTjZqK4bv7feoRntSog
801;UCVKAcQQCO8vv87Gk62SutAg
802;UCqVeMUffsoeo9idMRcse0lQ
803;UC2x_qNZXKDxNP1j4jvHATRQ
804;UC5iLnYoF4Ryb63YdGD9RfWQ
805;UCaRjFptz7970mppuiGuZtpQ
806;UCs_ineLBnNTGjrArNzjSLZg
807;UCbmJUAC-TwyP3Gg8LDgDpeA
808;UCjJec0wv1EUomjrBNt1xCTA
809;UCHlCp7kL8jC9HJrSVJuNJzA
810;UCpfTtwf7aMSlXBozH-jOgNQ
811;UCPCOvHq2iCRvt4NrOp5sunQ
812;UCySeXTLuH6wSJveZrA-sz9A
813;UC1h3bqESVdqkwm123Ce4ZmA
814;UCWKzBEpdzO3XyRjKMezIkfg
815;UCXnlfWROIRrTySDGRaDujMg
816;UC4vptswS-qIpvz0NiocrGsA
817;UCjHWv2DU5-HLpogAAr386DQ
818;UCDeNjdARlhMEO-EbfzD6I9Q
819;UCUFdrH02-ueNtM_h7Dr03Xw
820;UCCk2vUhB0SyQhA6JXyjXHEg
821;UC9OYkR8I2A7QpoVN6XIKIZw
822;UCxMXl9L79X1Mq_4iwCOyPFg
823;UCshCsg1YVKli8yBai-wa78w
824;UCqPKOi9bksw0pNS0KsJ9tDQ
825;UCkYeP-qYnViRT0ZM3Pm_UfQ
826;UCLLWAXn5F415g2kNAcE_T1g
827;UCEOQ9pSmMEIqfhtCDa2JORw
828;UCupX3k88Z1cRYCDuCPrmxlg
829;UCQcGsZC1PzWLtCmXl4Kqb_A
830;UCP3Ydnty_eozlgbc4PDQ4MQ
831;UCVAWBDbI_scGDPB4kdz0e4Q
832;UC6XLG5YjZfK1p5oY5MJ3NMw
833;UCE5fnbd-EyzoOxbuCZotOmA
834;UCs6bj7e__tT_m3s8xxhazhA
835;UCIZJ9a6P_nxCFJTmL0gh_IQ
836;UCtO4mL7AAM97yt5EHacdpKw
837;UCjUz8MS_OXz2lH0CHaVFYmw
838;UCpKimtjklYBgSKfSJrnXLRA
839;UC13mSI38YWz5zfvxXDPpePA
840;UCX80qmC9baw6HXrSjfybdmQ
841;UCGIGnJQn4EPqi66tgVL_pAg
842;UCKnnee98ihoTszlL_G6tQ6Q
843;UCsSs8QeBqAqpunAgrA6rKdw
844;UC6ZhpmNnLxlOYipqh8wbM3A
845;UC6RX7QVCRr_dwWLvodbGz1g
846;UCgVZ0mrM3liHNhRYC5Mchgg
847;UCYf1WxgqGO9Vlasr8DmrGug
848;UC4G3lPPWm6qtoWtRk4vyGwg
849;UChSPYbXqNqmCQQUMf48CZgQ
850;UCpeIePAikBsbdsiaGA0WL_g
851;UCxPJyX0oQWmqZ5akbuN5DTg
852;UCdf14z6V0MWNeVcbAz0r8wQ
853;UCAHCehFYe02Ihviho8D_ZcQ
854;UCOWklD9YmG0x48KR1xir3jQ
855;UCyGEPFftZEOU1v6RtU73ylA
856;UCVZPIqdgbjSnA_L-sDye2cQ
857;UCAL2QP3LRh-IgU_AFBrDF0g
858;UCGIqd6q4CJe4zYqeyuaY0fg
859;UCh2UY1hxlMr4_7Az_iQ82HQ
860;UCpuofAxlrUAgnu7QEwKQwxw
861;UCa8MaD6gQscto_Nq1i49iew
862;UCNivYs6jQA_r3AjaFuDvITQ
863;UCpPGJXgbwBmkIp291W0PCMw
864;UC3k3floOm_HtKOv0l6JU-xQ
865;UCqMdEOPBZbGPykVOhUqWqfA
866;UCN0-RRaxMgh86eOwndAklxw
867;UCdeMVChrumySxV9N1w0Au-w
868;UCypNjM5hP1qcUqQZe57jNfg
869;UCCs_FjJR8A7rompHCnW0-3g
870;UCiTnIVJLN3wBHM9EQx4kW8g
871;UCeix8jbmQnS6FprsJIsjVyQ
872;UC3r_kdJocuqtDYb2GgM42Ng
873;UCgAYmwinOWVFpkoU69LLlDg
874;UCiDa1Pvau5HpDlGhb9hjuKA
875;UCuxgEyMeaks7HS5gAw6Tt7w
876;UCBwejc-awS-mANgrkHQ5-6A
877;UCoSbVb7GlChgrkmlGjPCZiw
878;UCzIjg5vIfBGcdyLWu6lhXxw
879;UCxCfoSInadl-4i3F70zDt1A
880;UCcK_ytDOdC6QXqD5YxuoYUw
881;UCvHDpsWKADrDia0c99X37vg
882;UCqa9d0MM6hNYlsvNvxlvqCQ
883;UCRTcuf-RM24BmY5XsiRP-mw
884;UCXxscN2ixnb6uA3v8u_FKmA
885;UC-HY2Wfti_kNr2yOKDgDUkw
886;UCKdALw0BErtqmGI2AUtbbhg
887;UCeTcV0owT8p1j8Jj-m-8_Zg
888;UCTJpJk8bqQQEqeX58z8eimA
889;UCLWT1NTlgP7CCs4ZNNpe5AQ
890;UC1N85MiTQ-N0gsI3XBCCYbw
891;UCtSrKtXaRyGaFLT59jx9GzA
892;UCMJ9tdnwrW8qw-KYcRPLThw
893;UCv0dEcvXLOf4ZFvjCahK4Lw
894;UC6EyGxVgmTGt27_U9c_oz9g
895;UCT5ohVrz6xYa-Pv75Nmsu9w
896;UC1nJElGcVcTpeZJVyxEbzJw
897;UCHbzxPstXVVGe3KMj0-xZ7A
898;UCpwjYJfgn_Q86MPV2OU264w
899;UCyz6-taovlaOkPsPtK4KNEg
900;UCQ7VgW7XgJQjDEPnOR-Q0Qw
901;UCoiTVuiMdqBRMSBGMEcmxCw
902;UCIjSUWHWp6KohfnR5OQTXnQ
903;UCUowFWIWGw6Pv2JqfEj8njQ
904;UCPsSnSR7ymSE8on3wafNbqg
905;UCpugeZUO4F8H7YC_H_EDirA
906;UC9VSDs4ZXo3sjOoPkmW2iRQ
907;UChKXsllmNS37aohPScjaJyw
908;UC_rHIryFaY1d9Tt46SQE8tQ
909;UCxPPgRYHH1NSp2Ya_ROiXxw
910;UC2ZDAoIMGP3m9tAgnniNEYw
911;UCVt3STOc1XNEWOIWYW0UKaA
912;UCwCFNn9grbEPqrFspV0IMGA
913;UCTB0IZ3M3CnB9ocxYhUeMxQ
914;UCi7jxgIOxcRaF4Q54U7lF3g
915;UCLpkseRtwlunqRNfqSrXfBA
916;UCUuIQgNLG3xkqftlUtuFosw
917;UCsba91UGiQLFOb5DN3Z_AdQ
918;UCO8YpKqvrN1vZockdg7yAew
919;UCD_PvRz7fvX9WOBL6T4P45Q
920;UC675SGKP37d9R62Yb6l0FTg
921;UClhOpBxMR6P_qaVDC-PWcEg
922;UCJIfRhbMCLeZOgyN4QvrSbw
923;UC9ijza42jVR3T6b8bColgvg
924;UC9D9q5JOOsIVIaYpDtcGZCQ
925;UCnsj4TU7mOQ-4l2HOaRekgA
926;UCRqBaPzpyh3LGx3VXqP6I8w
927;UCDIPsk87a6D3QqS0DeAUMPA
928;UCIKYGgjBmZ6V_Xu2WboBzzQ
929;UCr5jq6MC_VCe1c5ciIZtk_w
930;UCXuU9AyEyTVQbckeEJox-6A
931;UCrlIS7z20CnVaCrMvdkig_g
932;UConDesHjL-fucRXUXTS6Eeg
933;UC4unV5BVmWubfAF0Al_AVdw
934;UCcDKozM5VIHRQ9w4R31Q9ug
935;UCzdFxuJkSodM1KzV4J1Ez2w
936;UCIh-NElauMOYsGUDXvlJ0AA
937;UCWugHZOiURon5xPHgNUj4ew
938;UCO3oWiIWR2IFwTo3X62535g
939;UCIGlVALFPYRROlXk511Cfhw
940;UCMPaviJxybo1RTdzvYcU91A
941;UCbHrOFJKseQJrzBNG7pxlHQ
942;UCraPqmcydVU-tWsAM_vpUvg
943;UC8Cl9QaRtuW9CNjP7pP4BBQ
944;UCHlEaKbepQ_S9iIoZPKVQew
945;UCAEp26oeWu9jMo5E7tNB2kQ
946;UCc3if_rv0lnr69QdEoJ_bPg
947;UC464m6CMzu5v8LiXonnoXHQ
948;UCP2gdh7HfjgCoi8lO50dA5w
949;UCNpAwV6GlFst1x3jmqCgYbQ
950;UCt4FOn_sTZkEWpADBAWrQ3g
951;UCi6qcUqmvSkcHeYxZmcJ9kQ
952;UCmXpmX1uOfPxmBbWRtrVkrw
953;UCm5RmlRF3J7nz8QSg3RJ2yw
954;UCV2EtSzQ09E656SR4zcRvSA
955;UCim9TnNKH5yinZm8_L95C-A
956;UCZNsGAYmM6twa17-l8Idelg
957;UCZhOl-mAJwNMFSl9Nq1a8cQ
958;UC8KbWhBEWVlEdkHmETx8MlA
959;UCgyn7gRH1-sYJiTBHeqwvRg
960;UCRh77SB_KoV2wcnuDc9j2TQ
961;UC4DbAiH_3I0UwuVZxPYMsLw
962;UCPejB1cCtTCwzi9yk10CR3g
963;UCORB0siyf3n_FS22MSLrjZA
964;UCoS-mm5bC5eY07AaKntKzgw
965;UCzAKaxOOeD8MnZ4_LitjWpA
966;UCuNjAAXrEmQyxLAanISnZUw
967;UCfvnJmp1t2U1l5fCF63L60g
968;UCe1Ef-K5jpnRsmVY5hCBhOw
969;UCkr9qZ5tj9dGd7JvE3a8X4Q
970;UCEAZeUIeJs0IjQiqTCdVSIg
971;UC2rLSYDm92QMytS9yIkT8UQ
972;UCDqchFCm3HNLAob6OpsLWLw
973;UCm5J1Fu_dHgBcMTpXu-NXUw
974;UC7PfGhJXlJiDs4jvGGGgqsQ
975;UCCXMEQ_qaYQrv0Ws_qr8_QA
976;UCwweNWtV8LqA4kdwh9AFm0Q
977;UCZO5CoTyLqv72wGluKwBzrA
978;UC6jGO_6WZOBTNa5YhaiVBgA
979;UCRGzK5yQvhJD9-ZYGP436JQ
980;UCcg9c3gXb_rwyqzeCaLuHDA
981;UCYzz2SkhAaM0FDKuGk-IPZg
982;UCa2gbBXGeGh-Pdtugdg_qcQ
983;UCqOdHprLVQnHhE8FmIY3Yzg
984;UCs8SA3E0FAGsI6fdHZe88oQ
985;UC7Ij5ZCf2E9GmZ86cIw3vVg
986;UCSHxQcOuGuKpY1hQIwbW9-w
987;UCVxBA3Cbu3pm8w8gEIoMEog
988;UC4LnWkL836Ga1djsWG9HR8A
989;UC62KZJ1mShIQ-14rjzVYt9A
990;UCA_10P1zKOmD0L-IIeCFmgw
991;UCxWqlhmDlq4nQ0Jv5hD2wlw
992;UC-wttYGdvP8Roy8mh8VbzKw
993;UCB-5u8VgFc_TI1aAj8_SmDA
994;UC5-_zkjKabYd7tsLucKsriw
995;UCACRim7l0tmc5lhNnDQyUvQ
996;UCom1i7_NVeSUNyJyuR_NbMQ
997;UC0duMiBZmDlbUue0eqd0htw
998;UCA_-ibO7B74pc7HmNnikDMw
999;UCkjHxTGxBQvcoXhKlbNIeOg
1000;UCVt7ujK-9TT9KByzL9g_2QQ
1001;UC1m_MRv7ypuJ2U1E9t6lRdQ
1002;UC4KZwswf87AAwj9oMD7ggTg
1003;UC2Lqmch-uOFvwsvFzyYtYnA
1004;UCrr7y8rEXb7_RiVniwvzk9w
1005;UCqD2av9L9M-AhXQhQE6JnjQ
1006;UCF7vSikMWThKp3Zhc2PdAmg
1007;UCTZzJjoML2sFpq4T7CpOz8Q
1008;UCFgFRk_6jae5D6KUokxIPfg
1009;UCR0Myphu-wGUk68UaJgQ71g
1010;UCGxKy-0nN7DaDIxKddcjOHQ
1011;UCueLJ4vLHTwMpYILmdBjRlg
1012;UCWW3gYCvKS412p7o6qSK5gg
1013;UCsJ86N5n7fcEC_Ds8dYJKzA
1014;UCfLYcp8eh4VAC8_BBRsHhFg
1015;UCkrNvrfaf1SPv1zBNAqDAcQ
1016;UCtfcqf7cq_W3d2tO6uqeYfg
1017;UC1nrVLHNfnsxpJthrAP8wNw
1018;UCc3e9XOO_neg3mnb9yDTklg
1019;UCj9KcKBILrS7iGQgK5T1Fnw
1020;UC5zBk-chQqy4yoKJKOaP87Q
1021;UCdmqkUIfXt2cMBOLQsijMFg
1022;UCZ1n9eo4LEY7ZQnkEjMPEfQ
1023;UCIYhr3JsLYfKkCM7-W5B6DA
1024;UCG_Qif8SJIS3XxU8iqHoInw
1025;UC8PY4o5sTc1iCGIlSX4f15g
1026;UCrkQ4OlgtOQICQ4NFTExttw
1027;UCFEmOPY04flXH-QpMMAGeJA
1028;UCDrLGkZTcNCshOLiKi5NtEw
1029;UCavk8KLWg5sWuDGrNIiqZ4A
1030;UCVVF-9A3v0sesgucXAvnA4A
1031;UCOTZ-6H1rri1lSsj6IzhUyw
1032;UCPkuXB5CZJIVerREXE-81tw
1033;UCKCDoXR2lbTl9tFyq3gwWhA
1034;UCGXpCeZNe7kzeHqMlg96Ebg
1035;UCkZFKKK-0YB0FvwoS8P7nHg
1036;UCh8Hm1lCTKaz5EW6ady0Dfg
1037;UCyI4gi0BtlKiUl6KgtuVIUw
1038;UCBpmDJ7mNqvKQ1BtRgY8H7w
1039;UCi4fcBVyo4CAnmdgXeO-NvA
1040;UCVOW945-eZUL5ZKB4F7zhLw
1041;UCwT6G0GDa7F43ZiAyjVb7Cg
1042;UC3o7kbpTUQ5-0WTMIp8sVwA
1043;UChrpaYlmaVsVyEF0bTqmuHw
1044;UClIA0qIa7siK_kJG_oAgPOg
1045;UCu7mlRs83cr4i2SnbyeWC4g
1046;UC6KAlQre16qLvWekKcHyrjw
1047;UCY71q12u4OIUJGOg5MAlttQ
1048;UCB2aea_wLJJaklTOplAC82A
1049;UCoLl7gOLl0vMs9s-nmAckgg
1050;UCgBVz3EzHYKpPS0BITvLRsg
1051;UCVd5PzckOUd3s5lioExBh0Q
1052;UCSkB4nUB0vtXcLdcnUVAN5Q
1053;UC72nbKQLSDyiSARhg0Ywj4w
1054;UCjMKhUx4ozXTg9fOqfkMxXQ
1055;UCrQ-wHKVi0JDWjQGcuoYnew
1056;UC0pCsHlEEmCfxllZSlRB2Og
1057;UCxtwcPVhVNg6CyrwRZlmsrw
1058;UC5SKYrUMecsfAzlQluvi2Lg
1059;UCjB5Oj6z1g4Tr0dLmx3cdsA
1060;UCv2OUVvx8vkFPON4Oy1yyJg
1061;UClcamOJp97lF28QzVB8MZNQ
1062;UCsRKb5x9Rem0UW-pjl_7Bog
1063;UCwbRTX3mIMl-pDKVDxX8rbw
1064;UCnSFwk_mZPnUuh0m7Z6T-4g
1065;UC2PAw2DM5hDTO-6CS7JjZMQ
1066;UCFAUyAsydT57gwoMbeLBsNA
1067;UCLhvidUffW8vSUclD7kfrGg
1068;UCZKbDF4lOaVHE1N-BrGpa6w
1069;UCO6kzQ-7wcG0x8W5LpBA9RQ
1070;UCU5U2wK4TjVSsQaYtyZWP0w
1071;UCuKLtm7FOhDUeSVvJWjv1fw
1072;UCDo10efgObI_YhSZiIt6Xnw
1073;UCjckQxT9ByiA3qEBjjrnGJg
1074;UCsZYUb8C_19bWOCKF9jRwSg
1075;UCDGv5lznlcbgOeH5-pqo5MQ
1076;UCtDlf9V4S5hEAxUsMQovDzA
1077;UCq6oOuhSx7ESreh6m9LGy6Q
1078;UCI_GjmFeWTRmdNCAZNaTmqw
1079;UCYoDVolMDJUDbDNdl-uJGeg
1080;UCDG0mJ_zkrODDT-4VTEV6TQ
1081;UC5664f6TkaeHgwBly50DWZQ
1082;UC8VYbOH2Z_swlgSSQ-RwaUg
1083;UCFt3wlJC05_LO_2l5S9Gffg
1084;UCTcCX_XY4l-W2ba5IxIRhsg
1085;UCI7M65p3A-D3P4v5qW8POxQ
1086;UCrUkx0UAxgybbbMvWphd62Q
1087;UCXHgSsTbbojsyot6Kg_q2mg
1088;UCMKaCcIDaPJc7ELfP75UeYA
1089;UCdUAI319whTmWI2D6hbMxBg
1090;UCTH9zV8Imw09J5bOoTR18_A
1091;UC9bMcW0MFzOAgfQ-7et47zw
1092;UC9MmjJfNaD4Q0185aQJMNAQ
1093;UCVcbwAofetjiPquuLF2Zdxw
1094;UCp1KrVaZDZ7BOI_QBuTWWmg
1095;UCg_PKhAQV5YaKZfy3Ughu8g
1096;UCiZ005Ac5axBC9-p0Zz3GPQ
1097;UCKWkoasaJMtC8bB1vq0AG8Q
1098;UCzhtAFR4aiLOr8IWqA92-5w
1099;UCsHqW4f2WIjSHjyyuphhHqQ
1100;UCCW8a4CgTbBWzid3IJYomFQ
1101;UCXBqJbAmPGv17AH_1SMt7yw
1102;UCaYPEP4en3RHlvC5r34YR2g
1103;UC8Tm7Xuz8QekHzjsDxgFNnw
1104;UC5GrdYR1HmwCzGLqFpI7RnA
1105;UCp4OXwfZE1SaCQ4jRAuaoXQ
1106;UCRVpj-n5kyVfDNtcuwN6KkA
1107;UCBVQiMyzA-ZklUJVRavnvew
1108;UCJEGZZWvBf1XdueDfQkzd1g
1109;UCFJ2K2gUJJ1ecBU6Sxc3bCA
1110;UCKQECjul8nw1KW_JzfBTP1A
1111;UC_s2G_LGpuX-wJrhvucMl4Q
1112;UCxPGBjVPEYQuGa3Ty7gwEoA
1113;UCqAWcfd0BJBgCW8iyOLOF3g
1114;UCjDc3MSEXncXkt8fPJwgJzw
1115;UCf_HItERkRB3vnkWt2RSOLg
1116;UCedePgTnisX8sAUhYtqfBEA
1117;UCENwe4N7FQCfIWY5wEjimNA
1118;UCgpEN1mWQxivlZ9O6GuZbOw
1119;UCvU4p_w08osQsrNi_I4ZtDA
1120;UCOzMAa6IhV6uwYQATYG_2kg
1121;UCYkSyPIY9EsJKsWUZQCVemg
1122;UCqYBU2VuQLuy78pwsM6abLQ
1123;UC73WeDULjX2BwsSmICJ0y0w
1124;UCsAKRVq2n1vcHBzNu1ZikgA
1125;UCD9nZ3qeRGbPuHJaJduiQxA
1126;UCXM5jmd0qxd3uLSrvJazfiw
1127;UC-BSVXejMFhhml4V_VyoGxg
1128;UC6-9CMpD8X3uGCFEb0nmT9g
1129;UC9T_qxz0g7FKhj6sXz2LKyQ
1130;UCry2gCVdntv6r661sKUiKXw
1131;UCyloN0mmoThYjGguBqmlO6g
1132;UCnWi59TPymx0_qt7PX3VeNA
1133;UCu3sKtOW9TGaErPsAYVPplA
1134;UCqxzXCQqNQ9wSwHPtZKHrlQ
1135;UCAY9MNh-lKHmwyQqu035i3w
1136;UCAJqGdQ-KO8jEcsEx4PA-Lg
1137;UCp6aBHRM6ZS_kLeC57HV4kg
1138;UC5Y52fCWFDJh-4wkgSH4wDQ
1139;UC_ClYrAtDNAGy5J0N-AwBNw
1140;UC4s3_8jKauVhpUyFKwhynwA
1141;UCXPFPs33B7-js4HMaoedENw
1142;UCGYf0VFdlSTzcJghW9z1DAA
1143;UCqCK5RFjwgmx2z4sOjqd-kQ
1144;UCvGjn6VdjwuDACFrJTkSFOA
1145;UCVQkxB6xXyQOvsl54rRApPg
1146;UCjWAU0s1-MJb3C2OWHSxN5g
1147;UCTERzzbGZopw5SXJJr0tPyQ
1148;UCVoawkpW12kgtXgInbPCrhQ
1149;UC1CcQIR09HsBE8S555TpPdA
1150;UCVrEv6xAiW71v-XwxHRTehg
1151;UCIYVU7fPs_n6gJIBso3ryeg
1152;UCg5P9fh4albGhG3JO_ywe_g
1153;UCYImiD9L0dMycenfBy2al0Q
1154;UC0BEdffpLEGzPtPD3O8-XgQ
1155;UCPWv1ztv_m-Eq_DTIYDp44w
1156;UCMQx1e1j2mVYR8s8HgtyoIg
1157;UCXpGi22cKtuNtiKUqFjj8BQ
1158;UCvy9bjqfawiaE_CklFSdnzg
1159;UCRGIwParDeoovmhflq9Agmg
1160;UCDFLiE2iGUvlZMmhemzy6eA
1161;UCod8IyoN-ua9gDxlDpoEklQ
1162;UCd7U6pdRYzU-K_vFqwzLBqQ
1163;UC_70iWZ6ym2cglS_kv5YfmA
1164;UC72UssJ1DNQcakZXm-B2-zw
1165;UCDuIxfEt_VoI1yfARYmfCGA
1166;UCqEJfuHH218M_n7DkjIj3VA
1167;UCVjpxXJEDQb3Okjb-nV7oTg
1168;UCX1rle36wIlP9ry8uidnCsA
1169;UCe9g_wsVXN17qmw8kPk4hRw
1170;UC7LSrRnB3_4JsvixyR9D3fw
1171;UCgxFuxIi9EwZlPL4iZ-g0Ww
1172;UCs84giQmEVI8NXXg78Fvk2g
1173;UC1vTH0ByVIcIOB83FbvHP7Q
1174;UC7UiChjgT_LDKcr_8NEEbMA
1175;UCcjX483N0jRI3qznYU0w3pg
1176;UCBzu4YqGiBxBD8pq8NiBuKw
1177;UCA3tbHe2O7q0ryWamx696fA
1178;UCwKJZfa7sWV_qKxQnLBUpjA
1179;UClJsjal_yFMbjC1S_cJeBAg
1180;UCNvkDFGmEojalREtEYFPBXg
1181;UC5RvV_LtR1dxPCVFGw6dxXA
1182;UCHLyP4MuA-JAFBCwxXOEDdA
1183;UCD8YGIxFCnVqv-ZGqgtVWAg
1184;UCeLc4heXqG9dtL7jiPHMBfQ
1185;UCCdKpI-Icpmkgwtz7tW3l6g
1186;UC9GexwSxlqjo9NhMMdcv6zg
1187;UCdF_26yDdQc_Po4kRC1RKcw
1188;UCKATGvvbOznaWNZcOBCLGng
1189;UCjdjDOUJfl4feq8Vi-uHdRQ
1190;UC673WfesrYoCgG9VsekGlEQ
1191;UC2YiID-VVpJY15sLGuAwTTg
1192;UCRqBu-grVX1p97WaX4d-OuQ
1193;UCSOrK4IALb449Cv8MLbDrIw
1194;UC8kC_JtXeACHkj2u-khxlyg
1195;UCEo9S5mMQ7z4n7ZiuUoBFRw
1196;UCtoaZpBnrd0lhycxYJ4MNOQ
1197;UCOlD_udUJcpadQt2uq8yszA
1198;UCxmlSBBViOpRV-dD52lid6g
1199;UCdn-M_vxWEK07X3t19ximDQ
1200;UCdo4NjJEp68hOifpiOrKtBw
1201;UCnwgjTVObrm6SuUvJ9QyhwQ
1202;UC7xoPVyj6Av0deAoQqfeJZw
1203;UCqPRgJk3ISXgPZ0dyZso-rQ
1204;UCcoCpVnY1FE1nHujAbIq_ow
1205;UCq-PzlLuePFoR_XRzwQZGyA
1206;UCkC_-nHWmADtYEEG1vIdsig
1207;UC5DOK_H_fkhHBw_7pl0TViQ
1208;UCQAimzSbRHdGKsioN-gzUxw
1209;UCJkc1COQO0WiZ2CI7dRdwAQ
1210;UCVOpH1nJioh1d7UgTnZ98kg
1211;UCwlHzGKZA-e2GeLMjIE51uw
1212;UCOilDZK0e_H8LGJ8FvsKwgw
1213;UC8r98LhIqD3B2TRiw0qzjRg
1214;UC5rnngpFUQ3SwfHgIIikOoA
1215;UCeM9I-20oWUs8daIIpsNHoQ
1216;UCVY0aIaw-V9GbWmlab4Z_dw
1217;UCBdurolGhyELKBjd4YYTxyw
1218;UCaWhMr24lXlBatWGMh9yAdg
1219;UCbGif2gxFLxGDxG9CeA_fvg
1220;UCsgWR55UyAiFarZYl1u1l9Q
1221;UC01Q_LbezTfINBQY0vhn7FQ
1222;UC1gM5TvQNcla_md6BcnyjKA
1223;UCyl7zwI6giPG6zC3uC8GGVg
1224;UCu0Gn50PSjozOgwgPVTBB4A
1225;UCXN7rPhZK6Rp8lMhvpSri_Q
1226;UCQwal7KaCKPDWarooZ3p4Kw
1227;UCJzoJ7N2QagpKApK33DDy-Q
1228;UCTClY6KJLUuuyRVAyA3WHzA
1229;UCPYvSFiMJnvX7Cgxo4VyTqg
1230;UCb9dcJrpyfhBQkrfzhlEhig
1231;UCc8AHCt7xASK7EeX8IOFCsw
1232;UCpqBiK-iHAhk29P5yoh4ZeA
1233;UCuYHZz4-qdDSPNvuCfN4wMQ
1234;UCRK4_2FGAAmajCaB8ZefJHw
1235;UC2-UjVm_wImBCybeV7SOxUw
1236;UCxPAYgO8OpFev3PUTKbsxNw
1237;UCr3FngGDAWJDWJX70j2fsmg
1238;UCyZwRFRe4xZGibqA0NTElDw
1239;UCLh3CUymJDXbXXmLZtLtQwA
1240;UC4OxS-w63-g00lI7nGkzpcw
1241;UCYczmnv2uLMrBU9G5Skn-zQ
1242;UCkDg-yPyue_2LGUjaLT_UKw
1243;UCQ7rBQGNdfiKPH-Q422fMwg
1244;UCGyXEUF83AYQGvebsTTlKqw
1245;UCgEOXqT0YFDa63xnWlhYLkQ
1246;UCwnGBJ5UhLjeeTSaSWuAX3Q
1247;UCUeGJO6OTDtlqZsz5V8Wf2Q
1248;UCGlvY4d9cwinzAb0ZLHRlMw
1249;UCLJP8h2X8AzonANnF_ZkuAw
1250;UCTnqWCdSjY3LVY3f5UemZjQ
1251;UCpCfk6ZwU8ZjEiZEh7Y0z1g
1252;UCh0RH6wJPKs2KDcTSJWWNGA
1253;UCeOYibk4m3azLLtKmJO7b8g
1254;UCs6Jrb-GcbxfTwzpNzF_uYQ
1255;UCnzZbYCKe5jk5fmMsmlcjsA
1256;UCsPEbQedjaU0f6Hf-VFdIFg
1257;UCcqVvt66T6dvRpNu5NaTEBg
1258;UCxIPQuLWmZ3FBK7A-K8gKmw
1259;UCojNA7ZvnmGuIvYnm44wl3Q
1260;UCWTkpYvniGIUe1jeCncFzKw
1261;UCPahQuaN0U6UzXyMZ-Mpwgw
1262;UCHDXXHPrz-1GVbK_qk82hBQ
1263;UC5O6NXFXe_Bn4nCsbWgONLg
1264;UC1PfnaeZIewIMs9RhdodytA
1265;UCNqUrLE6dI8fWw_u3HQkpXA
1266;UCqvDXN3mmnRjdxhPoqgU0lA
1267;UCSxGvuivJN0Tnht7yjGcj1w
1268;UCVDMVDVHqLKbTSMR46Bc4hQ
1269;UCbZPpPCEcFniMtaEFmMjWVA
1270;UCADaBeM0qiKEZIw9_OuYmuA
1271;UC87MGzNbbVwVKx64KNS8mlg
1272;UCDvJcb8Adv-_bOrtnRLmiDw
1273;UCnwI-VN5jXWIGQKOI9PMDMw
1274;UCvQ2kejN6UkrEVhE5oiYwBw
1275;UCK9rVTxGzOcWUR0ll18EVag
1276;UCiWryKQ_WkIt5YZNCZYvqyw
1277;UCW_91mrRk0DaNSNXfofnNfg
1278;UCsBEpj5lncNQzTK5jEdZvTA
1279;UCMY4Z-J2HERv_dEt0wrSATw
1280;UC_wEFPo0aHFIAhkB7SC7PVw
1281;UCbeooYw8oKrj3woJHMYqzpw
1282;UCPe_oKuUv9PYACjay_Eztcw
1283;UCGfg8Sb1achIx6MAlqxZvBw
1284;UCtB5nbKHYsX8EGIk9cOevaQ
1285;UCrL7OHNEMPmyM6Q1DovZ3cA
1286;UCG8-xn6zUbEqmqlnsvrD33Q
1287;UCo6MV9Xd5pHfLMsLGNWnYTA
1288;UCUJUFyNwMpX4E2PWC2uBtQA
1289;UCF-A_4x9-bLrxXrmgBOWuJA
1290;UC595wqznMGuY2mi6DKx-qnQ
1291;UCSuoAGr7RbUORnSsahMPBqQ
1292;UCrg1dBFOMq7XiaH7bf1nbeg
1293;UCvU3ALK4osa_RV4znIToB2Q
1294;UCPnjFl3q_YtNbxENuvvkz0g
1295;UCWE58e_BbmBgE8h-oskutQA
1296;UCqMjpUs70qQ3JiQkp9dHFig
1297;UCpAvlAbrBuYsExeTkCL4wuw
1298;UCtu-auoQOw5x6Ji0RcH_W5A
1299;UCty8d_O6ItjNx6-hjd10pjw
1300;UCmk6ZFMy1CT80orXca4tKew
1301;UCT_Gb2XyyDRwzwSqXIXTSwg
1302;UCgr5cilTJPILaRYS7f_TkVA
1303;UCBqKcE4Q6XbqKVB5guxHL4g
1304;UCAHlQMx1f3TbRImhHHGPNKA
1305;UCbO_mjikr8_8-FRgu3kLtYw
1306;UCDfNrxA5dMp0co1siQOLrjg
1307;UCDUfHtj33MCmSzNkBy3BQ6g
1308;UCpFLGzCi5kGwfbwqItvsRSQ
1309;UCHqkXbgqrDrDVInBMSoGQgQ
1310;UCypowE_p8nJK2uZgE77tNUA
1311;UCgxFR_TQOD8Uvi9rE3rM1cQ
1312;UCcNkwfTQuXAxAFwoAUHweJA
1313;UCQqg-UFGrae2ZPqWyyOI7pg
1314;UCSJl3yuXX1gQ0dyMal5BMSg
1315;UCuwIymxgYBezp5I0Q053_Rg
1316;UCVhtkN7-c8mA8GXEoxS4YQw
1317;UC1dVGItBqV4w-4xQHoX1UDg
1318;UCpmb83_U37eDBlgEezsxK7w
1319;UCkvuKwnCuOQbp0_NCrG_FjQ
1320;UCHtz3XQ9eoaQUuBnm3s0ydA
1321;UC7qUL2EsTHpNcgsz7woW9Iw
1322;UCYUbNjkuE4lsr2v1Id2O1oA
1323;UCrf0_VRuY8qklXLCSlsqogw
1324;UCb3m41dZfB0gwQMXf4iNmjA
1325;UC3E02ODyiHTq9VB9VwD8blg
1326;UC_z1-SiJKvvBsFb95eT9JwQ
1327;UCA8R4NNFAf9I6aipqdgoUwg
1328;UCEsHXWiv_sixskyHJnV3aug
1329;UCGsdKhHG8K6m-kLRiqdJ-Xw
1330;UCrCiK3Ej1lDggxiYG1tmnCw
1331;UCqa1E3nJD42FfzwisF-VUTQ
1332;UCfRDnx9PgUFlgklW0aceIsA
1333;UCurltq-zCm89FNhkH9k5RZw
1334;UCpU4j-LN_aibXA1gONvWzxw
1335;UClfl9iy1NfbW6XgXbcOq5eA
1336;UCFAQyZq0NqfCwVkRQoXpx0A
1337;UC5Vzc-I--guzURose4X6lKQ
1338;UC4avQL0dz2oTQtJqXyVfe8g
1339;UCHJKZ0gSPiak8__ZD1pzfoQ
1340;UC41xJSNY2xCPC4-gOsRcDcg
1341;UCEWrkBTDSYqJzQmp8gxQiMw
1342;UCVWQWc8PXy6Itt7YNrivOYw
1343;UCo3dR5sJqyWGvdIWQ0znF9g
1344;UC-k-O6psaHBwJvjsT65CUpA
1345;UCshwRhftzkiov5wKR7M_LsQ
1346;UCLRJEFnJa7XboYiIxiZ5HyA
1347;UC6xM7GvKd85duq5fw8qKBOQ
1348;UC2s0uKOc2WgB9eGta7cUUEA
1349;UCqk7J74c0gWpV9p7eVglFZw
1350;UC3d2YiNpQpQtol4BfbWwqvA
1351;UCIltRVpE-Od_wnPligM5s8g
1352;UCZjuF6WIQ60BE3SL63QbQoQ
1353;UCXROnGsEOL763F38fEG8AMg
1354;UCWuFgIcy1Q9TYd0hfy5_XpA
1355;UCczdiIilpYSmiF074WMCNiA
1356;UCY2BjyN1fEe1JIE3J2xzMUw
1357;UC-0tjhOYNITmYenKykN1d5A
1358;UCuzRrDn72Lqq-EFISkWyw9Q
1359;UCmxS8x9ggrNw4_IG6Ki3A5g
1360;UC_a-tB5cm3Z7WrRSNtYB6jA
1361;UC1E-JS8L0j1Ei70D9VEFrPQ
1362;UCXNSyuKeoiHOld1OS3kHuVg
1363;UCIi7iBw49U6YF5rLAHznnRw
1364;UCNBmxc6FvKyxtCpUygcdINA
1365;UCG0xyRVgb5Yf1lvQxkRrYYQ
1366;UClCJ4KEsWkhzvvxftRf0FYw
1367;UCetr7LZbLFZbznSsPMw2ssw
1368;UCHtoaTDClAPTmt2iMU9bQuw
1369;UCWAsWgFVqxDzwExfOdYjAcg
1370;UCyEJX-kSj0kOOCS7Qlq2G7g
1371;UCVoj7ZHGYFbJmNVCXI45d7g
1372;UCoBaKYhMMbeaZyEMjBOMIyw
1373;UCE3181Md63Eg7uTybf6HgNw
1374;UCzd_MLszn8PYqc5Hq56qtOA
1375;UCoIhMkbeDRBImkGiA5mZp5A
1376;UChZbXdiveXJ4hVXHlPOFLqw
1377;UCCWWa1QhqNh8BHapTj3cBWQ
1378;UCyNgWBO8-1m45WykQ-1rFnQ
1379;UCjyfNfv5DcTtQRICAngdujw
1380;UCzMQMhq7Id0Y_wSDA_CJdGg
1381;UCySf1uJJxjMDryRywEzUR2w
1382;UCYJN37EH7Fwa2OMIGez4juA
1383;UC_-gT7OYiRCK9Sp8SIv9WgQ
1384;UCSO5F-9znsAQqnFqqdcIFbw
1385;UCW_rA_jb-_vbZtU4cTpnT5Q
1386;UCX4qr5bgh1ro0eCzw41PlmQ
1387;UCcF1_LhTdHqA7pGOCcUTB_Q
1388;UCUf8UATV9Co5j3KrAnXiAlQ
1389;UCTkZnsefirfA96tLg8HCV5w
1390;UCgqpf9YLh0UMRVmJs_eiBXw
1391;UCzzKrtcSbLq28-JuTfYmZDg
1392;UCJY11HEYjxGgXr9O24JzmHg
1393;UCFeK8ZdHbCqAq3gekWs8aEQ
1394;UCUzLC52WcYBRNiw7yvtai8Q
1395;UCJeySNv196vl-VIkHOycLnA
1396;UCw30fdjkyAAWSpE7k9KqBmg
1397;UC1ettU5YSf_nIOJWffCKGQw
1398;UC_lm7xXB3adOTc0T1FwyGRQ
1399;UC2WKsYBxMwx7E7ENkND-fkg
1400;UCMCSd9ZNL0nshOhXwtfIJBA
1401;UC_0HWBeSyW977R5kg63TaUw
1402;UCZdk2R68KTVMKLwQXXS5E-g
1403;UCwuZjWoiT30kDTz0G41Y8gQ
1404;UCxt4SaR7rJQqs19ZfZ1NsbA
1405;UC0FFExY13qFRznbFyrPTDjg
1406;UCkDCUTbNp70hxXWH2wtd_Kw
1407;UCEcHaXj805P-3yB6pqssyCA
1408;UCj1_pZ7vmxnhy5clIcMVJtg
1409;UCVbfw9ubEyPgMpWeuGo1b2g
1410;UCXB8fM4VyQubRu3UVGhd3wA
1411;UCAzhpt9DmG6PnHXjmJTvRGQ
1412;UCctZfXbEF3TXc5TDGrbeo5A
1413;UC61qQBrHiNKprDXW5ZnLPyQ
1414;UCM_kw2sV5-PaiF2BdgAxErA
1415;UC0c1gOh_U3TaONypVyMWvdg
1416;UCZ0H9_lidl67AqiC9-RxfvA
1417;UCungvaPJaa_kDLxZBYXzpsQ
1418;UCQDvaGCnbOY8YKeZ2So-yvA
1419;UCgkxVtdHaobhy5CVeF8Rsdg
1420;UCKPAF7Ud5sF1tiVA5iTDcFg
1421;UCbiFt3UdxX7LxferwDmuegQ
1422;UCx3OuVURpwh-UYamOrw-b4A
1423;UCG1CoynVOh5uj12qpDLQ7fQ
1424;UC_vFLohxs5PkAxlk7Y6jEtw
1425;UCCY7UDvDn7F2ZXPoyWjt-Dg
1426;UC50de7LCkMdVfn6c69SwK5Q
1427;UCeDKIj0G5XbultKOQnacu_w
1428;UCqaWoZoNFNjCXliA6KomUnw
1429;UCGoTtxZN4AOMZ6TuM2QKMzg
1430;UC8fThw1O4sPhLlgSrfgwAGA
1431;UCL9XqdTB-blGd4_nW70youw
1432;UC5k-fTFTs0wGrDANdsfNT0Q
1433;UCu7G08TrwPx_0WH4M7OxjIQ
1434;UC0XRm3cLtvjjceli-Oa1X2Q
1435;UCWq564ONoREJprMNhewS6Sw
1436;UCDmXyuvUm8aDC4asAOgFrgQ
1437;UC-XsHHcuGtyzQMmuITIQCpg
1438;UCOGa-48fFt4cW0UnW5WSdRg
1439;UCLmEFIwfG3HSru_nUgOktGg
1440;UCkjk4ZwVQ17g7Pnpa9RmvYQ
1441;UCsOhTZB6d41g0xStQzO_qxQ
1442;UCm6VgwetYaHTRvM9WE7VnLQ
1443;UCIy1GIJ3Uw3ZOXSTM3RDuuw
1444;UCw77677G3EAODp61b0izs7w
1445;UCzOnXvfwc32YEiwTe_8Nf-g
1446;UCiefUL0nVgg6-1L62FeK5uw
1447;UC_B1lpgj2DH_wO8T1jJnSYA
1448;UC9lqW3pQDcUuugXLIpzcUdA
1449;UCunauRvuGMTUWkzIp20Goeg
1450;UC-JR9Voq8LwxPCxKwqieRpQ
1451;UC3UxJWrUACd2Hk4dMAQKOyw
1452;UChdrRtYPXEIDLJgo-b_2YIg
1453;UCMtJYS0PrtiUwlk6zjGDEMA
1454;UCvtTGZEcS8mbWdB7prg4QNw
1455;UCB0XYqBHnsSg-CR-qHF7pGg
1456;UCicY08RPsp0zK1vp_G7xIpQ
1457;UCnwp0iOA4LjPhubDdPXsHWQ
1458;UCIZ9z1LYmrVj3twavWT52Wg
1459;UCF-VP3b3oH0XASqsLI5rnLw
1460;UCqJpLtXR8hYkYhkxDO6WYwg
1461;UCDoNFQZqQpd6aL32Ua4JPTQ
1462;UCvO3qki-ML0_pN5F_qgRjFw
1463;UCD4psSMjZXFn0prjAqdDfMA
1464;UCTdVY6ae-riIygpmSUgUwJw
1465;UCZW7rxzor_SN0wabU5M9QyQ
1466;UCioON-JvOyXE-aZ2-UCBqDw
1467;UChbYn187BlBxq5LfGqZSv_A
1468;UCWpeqgmjzTImczaLU4LH3wg
1469;UCetxkZolEBHX47BqtZktbkg
1470;UCLCk0nBMYkA4kslnRdc38qg
1471;UCE_3GcvLERTeS9XFZPtRsIA
1472;UCgKauyQXuGlX6K3HoeQyfeQ
1473;UC_F2AoHxvoclyM8d5YDIh9w
1474;UC8NBzcIEqHesHUEevOfdMkA
1475;UCcn97yZN9A9H8EfN1VG4h-Q
1476;UCI_yTSexpKKPnnZJ6BS-ptQ
1477;UCFOq-dKCPu3PcmaCMEGDzTA
1478;UC659PRLT5K2h7QBLN2Q6Iaw
1479;UC__2_0RJ8XnHt2angfw6S1Q
1480;UCoi5pABIDpya7N5OdDnDScg
1481;UClQK9j4uUAnrZamq1_FhtcQ
1482;UC0Z-bYqyjG6ZonkH6KkNWrQ
1483;UC7MGXXvzTbbkFi6Llv5yacg
1484;UCbBm6SZ235HFxwVKC7Po5IA
1485;UC2tXxMpewnaXGIR8TJaZGZA
1486;UC8z43AxZwpXkEfNqJopiCew
1487;UCYTaBNW_B667AxGYkbLw2ng
1488;UCnDDVHmaiCrII800qwAxeQQ
1489;UCxZMOY2RdtK6LQUbIYgec4A
1490;UCSFLs1nwzqSC3Tq6cXhJkLg
1491;UCVD6kK-I5NodC1s-JMeuYPw
1492;UCCSjLVJs5wD_BKaQqzXwyhg
1493;UC3s4wfa7X33w2S2YD5aBFgA
1494;UCDCgvwyjJqZWYs6j0D2FF6g
1495;UClMs26ViHFMy7MS897Alcxw
1496;UCMY9-XhJosAEtKghDTpMXbQ
1497;UC72xzKVi3b_2oed6zQ8KKQg
1498;UC7fkP6rdeoTbrzlr7oXK3Vw
1499;UCTOimflPhFe_NSQsIsak-Lw
1500;UCarQLZFoaViNp9QNH2-ZWqg
1501;UC5_IsDOpU8a-6le9rTnkr_A
1502;UC_NQMM6joVyWkZ9ccxIyCOQ
1503;UCKgAB8lqTbqbwXC-e6_9lhQ
1504;UCKWDscRjYFTD1KHsmow4-bQ
1505;UCbCudBFiYhqQ3M_xt39tcnQ
1506;UCEBNsfXgUO74N70MJEhJQ1g
1507;UC4OqEJz6oABzz_7nu29zF3A
1508;UCRFayU3QwMLLPXK7ktbUVSw
1509;UCS-2Yrm8wkJ1NKpZvrUMKBg
1510;UCph-M7aQqpi1fW0BQwn7XUA
1511;UCMigail07yqgyiPeJZBvNjg
1512;UCXYv_Cq_iJ0jsqeksideN3A
1513;UC9ykPUyPtZyFlUUUZPb4q7w
1514;UCnIShEh46YgKXANZorXsGlA
1515;UCFSx08Ew0iiWKyAz54Opdhw
1516;UC1JAwKeDUjN2orv5t7LWODQ
1517;UCqC9wT9TI5Va0yWG77-q3IA
1518;UC7kaw8NXcqb7jdRsRIHaswQ
1519;UC6ASstyiUpOw_tlkKb8MPng
1520;UCwJB9Z1L0aPIumFCGBTO_yg
1521;UCc5PNvzK16y8gq2Jx8vovmQ
1522;UCtT6xlXtS01W5OE2dbCTBUw
1523;UCs4TGanvFtdeg4E4Muggm9g
1524;UCaG8U7i1YDIQQDftxiMCyYw
1525;UCODc8Pa-_WUMaVRp9dvmNmw
1526;UCT9KASHszaBQS6xLuSPv9JA
1527;UCEpETLUTatknKrlGNwCULLA
1528;UCh9qBWORox1AfiiISaAPhOg
1529;UCnLrtqd5qxC_f1lOnrybpnA
1530;UCPz1ReSz6ce_TA9xjGs3DqA
1531;UCDfUAM2yaTqmvmYTYiqpBqw
1532;UC2zhLSPeHaH7fFBsRLf2Z0w
1533;UCklG6ilxW_PeYeDSpKSRGZQ
1534;UC4JVxN39Y1vCOp8tQ8EbUSg
1535;UCFRLkad3FXOJ5pyziEgDSTg
1536;UCMCioqY4zblWt7Uw0E0VTGA
1537;UCGbEXjkmPTCQfJ4FiD3lOQg
1538;UCDGECor7yw2AkrgAcHkcJxQ
1539;UCYzSBNey7F3Uwf9Vkg7cK5w
1540;UCFAdXR8PeG6VYPUSAohb_rw
1541;UCFAK4h150HCKclW_9LWC23A
1542;UCwJy1yaCpzzRc1QxPtUGMyA
1543;UCXS-97SNCznOP41RGZsoPBw
1544;UCyw-NpaizmAD_5qQJ4MieVg
1545;UCCXCw4PeDbuezlKDTJ5hWAg
1546;UCkvYvFBelA19J0x2E1SUUXQ
1547;UC3ZHy0zFa32UhVGXzSPaluA
1548;UCoumKpcPlYB3z1C4h1MlzQg
1549;UCvqoktDC6KhnIPz2xTIjMFA
1550;UCbWB33FQvFiV0Pq9Calkgzw
1551;UCa8xefYexeNlbnv3NFHcL7Q
1552;UCfIjR00qhYUFkbWIugAAbGg
1553;UCf58CbplZsDbH9wPMYoOTFw
1554;UCtCL58_DaVdVRmev3yHK7pg
1555;UCcT6w3xUyVshyR2_2vrMp1w
1556;UCFNSXVFsx1uJ_2fcsQprxWw
1557;UCAoi-I6LqYBguKZ2ZidV_Lw
1558;UCthxxdOYx6gK6ZkdZxoE3lA
1559;UClvD6c1VI75QZWJjA_yiWhg
1560;UCjpzEgbbDUg4YC6vpSrzsyg
1561;UCFHH0VMmsXEUzBzbClMkb0g
1562;UCP4etc6ty1Rlzdl5xCn8jWQ
1563;UCdWfm3zOoZUrf5X4TLd4CPA
1564;UCcRgZlgsk5m-aDQa_d6BTkQ
1565;UCC8ozSuY2gdYqT2ufdwlDdQ
1566;UC3X8lQvudZJ6fMsL7WwqEDw
1567;UCAFAz3Yau0kVYdr1nZ4IFTQ
1568;UCKUWslMkI9pdEpfNACDqcPA
1569;UCMk8U2Hmfdxqn3zrCq2g9oQ
1570;UCM5KxzcL2zVu2vG7FF4orGw
1571;UCYYSLCzDmmED5hnYcFmKimA
1572;UCEJBoQWRlf6_aPH2xNkz9kw
1573;UCVdqsdBTv9ScOUZRMElHSWg
1574;UCd3HQiNlNvrBnSVv8MLTDIw
1575;UCp6Prkhq-5OvvpmrcAkn3AQ
1576;UC2Uod_KmZRkoBFXy3voYToA
1577;UC0xLyicoeOd6KsNbl1Qst1g
1578;UCuOC2Lux7ptUp-Wg9HTI13A
1579;UCB7z0vqLeb9fxfxQBqwUK7g
1580;UC7DjcEEX7zUSvS3IWWX_nmw
1581;UCFjfrFJ7pYqC_t1gGfq3nng
1582;UCyRpIP6Psss_KOY1OLK-lXg
1583;UC3rAODyJ-aVMFd173COQAIg
1584;UCr_dQZ0irQdRiwVatkuHPcA
1585;UCzSq7O3MmG-EF0Gq68uSjPw
1586;UC1CtXVx2Q-tpb9pr24SQbwA
1587;UCKNT8BDOkXegtCD9OghepWA
1588;UC8Qo18rshzw6bdvE-X2Hc0Q
1589;UCTX6olBP3Y7xtL73BuLG8HA
1590;UCf2FgE-C8ZRCLx1kbe2AiAg
1591;UCj6EKBe990fanr4MSh45Alw
1592;UCqJ-0MlqWw7sMRwGMx-_6xw
1593;UCR-Ja1yBcjkhuQblxnroZJg
1594;UCbjTWVaRx6jMN5ZYgbqe2_w
1595;UCc2eneiSu8IQ5aGrzcAta6A
1596;UCgyERVBG-YGasvuOqiiembw
1597;UC73xuxpLcTlvHu3Mqyz1iRQ
1598;UC94xVr4n1M9pBSUITbGSJRg
1599;UCq9-rs9M8zIpRXM7WU4b23w
1600;UCxIsefyl9g9A5SGWA4FvGIA
1601;UCF_mQgKpqDBPDWF-pHRTMgg
1602;UCIrgpHvUm1FMtv-C1xwkJtw
1603;UChub1tZZuWn9YYHJZZYTbMg
1604;UCckWkzE1dVhYCtAVrs3sC0g
1605;UCe7cIhm4_RWsThRzBCXtmOQ
1606;UCwLbROzKQU8pRA2pxTUzz9w
1607;UCScvHKXwQyyGXLsoyqF6iHw
1608;UC5f3v7G9BPbHHegTDuS0ZDw
1609;UC6aacLWUvIrDIOB4RiKHYqQ
1610;UC6uup-jgtQbohPXSP_suN6A
1611;UC7mDcPvEBfQBY3HIigFJSSw
1612;UCq2eXCSiXldB4O0af_ulhIA
1613;UCx9gfSPvDdS0llHHR-SBC0g
1614;UC2VkyTe5VoO2J1NRwA5EF7Q
1615;UCJeZHwcNy0QXxj21FgrJFlg
1616;UCIozLvxEM3CwkhC8B9pGD9Q
1617;UCaEFgB5l8LYCj-q4mw32-zw
1618;UCXIN3HIH0eon5hVYYpnoNuQ
1619;UC5k4fQj-z0jEQBpd-VFwbIw
1620;UCIgA_dK97QXrirYAfHmW8ZA
1621;UCP9Zo2a0-bS9oPd_8tl92rQ
1622;UCeGklnZgV21ag34t1_4G4dg
1623;UC3iZzCe7M5nLMPjm5Yh91hw
1624;UCjg_C0c59YUbQvNEVbWXG3w
1625;UCDiQWrBbKojyaLZaBmWKTbA
1626;UCIdKjWk5gp0N0Mu_4aljp1g
1627;UCtBM09siShNEuOlW2bQEY-w
1628;UCvzaxEY8TfSStYTQvuX7HAg
1629;UCAMI0f-7AyfeaxqXIY3x80w
1630;UCB9mpngaQj8nq4Gj7WLpz3A
1631;UC_Q2iVXW3iiIBwbIniWfVZA
1632;UC-wOxG8p_Nk5nFkSxZOxq6w
1633;UCJGpNoKTMFjcbK0MWBAnEDQ
1634;UCS_OS1h5sJ0o012RJX98_jw
1635;UCOoTT8sV0M1st6gVt2cKmGQ
1636;UCaFm2NGi9bOojOAIDzP7s8Q
1637;UCdHT7KB1gDAXZYpPW71fn0Q
1638;UCBPBm0lmc-W0m6X-dXYTjqg
1639;UC9k_-YZ04xSnXTwM5_25L9g
1640;UCl-radPCbXcrYCE4EdNH3QA
1641;UC5maSolHQX9er0BOxrzjMwA
1642;UC2sTO9z_I8E2Mr5TmegXnKQ
1643;UCBGUnmocYqQcBQMGWmPNpbA
1644;UCtuLKvBOePea47aTV7WRQYw
1645;UC-f-EC3-yv-_Ok-m5Dd5akw
1646;UCL55Isj2TNlr9ur5vK0oa-A
1647;UCKczs7aee3GX3ctbT7LBd_Q
1648;UC3yh5vp9HPyUPzDWy46K0sA
1649;UCaDk20cxfTQO3OpRYHzjPUQ
1650;UC4oxZI46DHqBxVogf_T256Q
1651;UCOW3LG5_3_pZDCjEc3xHgrg
1652;UCuY44m-cD124oITaNkBtsLA
1653;UC6YN4FNhAKN3MDO5DbJSnOA
1654;UC0SMGmU6X9zJBGCGarr7ODQ
1655;UCirnBv9qGKCJYZSaWmYGFaQ
1656;UCHgnQzZY7T9TxhI40BmKJwQ
1657;UChX-Cgkfava-G-LlfwC9v_g
1658;UCnqF14K6umsrfOXDw6oNlKw
1659;UCyhEZKz-LOwgktptEOh6_Iw
1660;UCO_uauJxEskeAezeojkXjAg
1661;UCFjgwGAVYtThJdn2i8F8AWw
1662;UCCwwe6HvaHTCGsuryEVSTGA
1663;UCM004dJWRfslJn1C0FxBEtA
1664;UCeRYN0tYBQVrC2cKsxJjdow
1665;UCDkDKxDButZ3ltEDLjbe-_g
1666;UCuXT13wiqK56NR7QSfDWpvg
1667;UCGHtOcK8Q4K6JnETFOfGd3Q
1668;UCqJudmBJ7sVEcWJG6N2zkUw
1669;UCveNXE52LrCUmzelRMYS7NQ
1670;UCc99RaVe8PKgly2T3QNBWLw
1671;UCrDRmrNeQpAUOKeGCrRaQ2w
1672;UCJP5o2L4nZZAAM6Vub8E6cw
1673;UC4nh9pR_BtZZn1G_BM0K7Xg
1674;UCX4ZHRgrnJxLoxFZJHwueMA
1675;UCt5q0P9-evf25stIoIBem1w
1676;UCSpTzMF8BLy1_RnOaY9kkDQ
1677;UCzBtT0zEdFpw5O2g_mAIHlw
1678;UClwddNv0Cr6SIEGkzVK886w
1679;UCLjGwELoFRXojiw8T2t2BDw
1680;UCZj3_eWQ4f4oHm_x-wsxG7Q
1681;UCV_6gLgd16QItZNXNurc3mw
1682;UCqNWJOeBOBSF1pm9tjGnKhg
1683;UC3CHyuEIMUD9_IJBfSx7ncw
1684;UCdLX0ypXzh9JeFel4hwqcjg
1685;UCv1RrKT8zaa5J1ueqCmMfsw
1686;UCEeSzRl1u-jhwGv93TR5vRA
1687;UC1Zyam1xYQSUxh8gUDek2Vg
1688;UClczbmZGfL8TMkduQirIsoA
1689;UCfK5KF9J2jfWNq30-OgNoRA
1690;UCxJf58pbfCYiDOKxRTJI9cA
1691;UCmTcA0rOwOPCaKvfsXFeZ8w
1692;UCnBpjunl76Jb18cxNtUhdfQ
1693;UCFwY5Al1Doy7f0MdKnJ-gaw
1694;UC66_4Nrei9ZR4kk3uoWSSBw
1695;UCSOyvj-gxW_bzN9qYl9fhhQ
1696;UCCvdjsJtifsZoShjcAAHZpA
1697;UCE2rZOVPBHBY3mS0mBwwqZw
1698;UCn8TJ6Tyq2aGvhybME_itDQ
1699;UC5CDoveqvEuQsW3x-DnYtww
1700;UCwlQXl9jWV06Bb6d_GFaaEQ
1701;UCRIi2dybGnHe3D9vdJJuU-Q
1702;UC9zzWSln0gnmt8HS0F5qbKA
1703;UCn4pspw828JmDmmDBYxc-yA
1704;UCPjqGA-QrnwgnxdaPTX6blQ
1705;UCiiiXY1ue6nb7iqY8o8f62w
1706;UC-eHIoDpZx51DenAv_TUk3A
1707;UCGfOBN9aNBrhIC_Lklf6Vdw
1708;UCDpZr9QCE6ClX8S_CX8Gg4A
1709;UCmKypNsPUqQ-3UWb1cyDs4Q
1710;UCtynq9dY69mrO2R_t1qgZfw
1711;UCIlL1t0KHngUFehh3dpQxLA
1712;UCvIm_s7GVooSykRkVJU08pw
1713;UChhzm3XXUJ3uAZ3ExB2wT6Q
1714;UCRJ-LnYo_-ILdEmwLNfAr0A
1715;UCqkissURa5QedDOA21gECaw
1716;UCMYlXK0jyerVnc3dmz-vjCA
1717;UCz-y9OLmILUM1HGCE4Ffbkw
1718;UCQI9ZdFTDu4m_R_EdC2bNjw
1719;UCwcU51x8t75PJjtgPZbjDBg
1720;UCwNJt9PYyN1uyw2XhNIQMMA
1721;UCRdg4sAu7OCstwXkx-kOISQ
1722;UCgV3JnAlwJmkz0uHymARNdQ
1723;UCq5wHMgSTqyRr0O4FTOSDTA
1724;UC1H6vN0QnygUSFDtbFLg5jA
1725;UC6AGjCPpvFKLerCwj1_K6ow
1726;UCJc7is6F67EepYaJjxTxtrg
1727;UCVnjt9mMx46gMUeTtONXimQ
1728;UCzZIEQX2fWAmsvztJjIb7eA
1729;UCAwTHwWoyi_2jgB_lQjyIyg
1730;UCtC-B-TWyAKx5pecVIXm2IA
1731;UCkZKu0yNc5gOsg2GEAigJiA
1732;UC8eVReYsJE-VMq_jRDrzHlg
1733;UCtcEBK496kxrJE1rhOf4I0w
1734;UCkAk41f9hqdb3uDvpwfVdRg
1735;UC-MCjIJ5Wo61YyzJjC7Mh7w
1736;UCwFnxeT6z_ZO-fG2zGubPLw
1737;UC9jipu23ffJC0hYrX7Y8p_A
1738;UC1KF4bZvT5iAbAHVv4MuNxg
1739;UCsAueyuPjaPGcSfR3bIBPUg
1740;UCpPLxYC6uNNfNrSQokButSg
1741;UCXKjhxsfFQUqlNVQzLVnpEA
1742;UCm5tLb7oHVgVPGfKhi7mHVQ
1743;UCosNuCC96Oicg_3CqBCfuRg
1744;UC8o7mIMg3mmO9-dx3e2iFgw
1745;UCdTWVZJctDux-358B6M-UNg
1746;UC1hxUKIonH_8N7Xqj65IEsg
1747;UC90xVrHFme3YJH8oJ5YT6aQ
1748;UCz4p7aZQmV5sLKP9BumeFaw
1749;UC3weB7bCFbNLdxIzmyHApRQ
1750;UCZmFGmZ0IzqFSOtrVj8Gh6w
1751;UCUKoqYdgzXZdQKG_TD4tWIQ
1752;UCFwfkuN10CH9cnr4nHz0Kyw
1753;UC0ZsHHC_frpcqneDpMiteCQ
1754;UCCTUo_ujaauDppPeBkI8GrA
1755;UCx-QQm-2qL7xqepuCMflIag
1756;UCeKPZK0RoIsrEdAN2DZh16g
1757;UCDULjo1v2Hivuu4h4LZSTUQ
1758;UC4k3HO5n3aSq_bayF-UHiGg
1759;UCyQhqoFYPTqDea9TyrqMhrQ
1760;UCNp5Ha6B50-QguG4f7H1-sA
1761;UC3r0f8a9LXNlD_FCqAr3Ubg
1762;UCOcttvVUJ7-NE34v5vo9CWw
1763;UCKk6TkLfOoXs2T4vfvdGlnw
1764;UC2a35q7eyzkfoIusBzdH4Hw
1765;UCbZrQOtPvS9uRWUMkO6zIwQ
1766;UC0FISFbEaHFc5ccrIgkZ3mg
1767;UCjCyqmLFMpPRrKEgIzGT8Fw
1768;UCgPKlmZ-wzsiitY7PgTO_RQ
1769;UCouaZqnOJay2Lacj8fomO3Q
1770;UCv52KSjcyeIqMKblZYRUAvQ
1771;UCd62jsuGenFGkbObeRI9f4A
1772;UCjenwLCIKrL7egWuRSbzfSA
1773;UCJViSR9zNbVChecu_HLDCJQ
1774;UC5yvng1eSgffmybUM-51fTw
1775;UCfH5x2VAAJXGLtYY6W8c8WQ
1776;UC_YFbvKedjnVjqrZqBR4L8Q
1777;UC2mV9iRa_9y_oXTHFH1ihgA
1778;UCcR1wBpaUWcmsAvmE-nCRMQ
1779;UC6BCohsMpyrx__-KyTxFlkw
1780;UCI8DegIWgK51cGakXcf1dOQ
1781;UCL1_9u5lgGa7jYwih5I8OMA
1782;UCxXd9AWfNNaNipcXNmFuCAw
1783;UC2RIbH09wqI75Kn2ay3GUUA
1784;UCR7UZy_7h54aNGRCHxa2bBw
1785;UC0AvY8x1GqGIst1C4yygXWw
1786;UCuyrRlWnVO3xjBZFZx9chkA
1787;UCjPVR90Po5iFOBAEY5w8OFA
1788;UCv9VTWnJpY90g9JhyNkkkuQ
1789;UCSpST95N6Th_vTrd7PIINhw
1790;UCxxWE4Xpsv_UU5QGT7S-jyA
1791;UC6Hwqnuqo1MMuJUsLNlgqmw
1792;UCwExDhfDIdvEo4jz1BhyAVA
1793;UCfyIX4oQ0KOrfxK55ccUc0A
1794;UCPo4xff7T0jOiEfIEehX81A
1795;UCmnwLDFfH0x9AC7kzZqbOLg
1796;UC42YWbj8t1w_PYprWXc662g
1797;UCp7NBbx93BDRMe2jM2h-Wpw
1798;UCkXOh9HnQbNn8AcqF9yMiiw
1799;UCZ8noqpuT2-xhQS4LbG6Kkg
1800;UC76l7zXK7ORjWu35sTlna0A
1801;UCCcT3BKbPYPFFCxKGDiviKA
1802;UCfcIRCpBxK1f6RjWzLBXOHw
1803;UCUR9P4TXRJF8Kl1FKM1TH6w
1804;UC0idYat-HCpwk-qOsNwVhew
1805;UCWpin0ZrYS8tJ5jgKRz2ekg
1806;UCvJHIQW96qbHXqV0oMw1iaQ
1807;UCUSKrpYJY5kmKEY83VZrXNw
1808;UC3faT_bgElexFnqg100gUGw
1809;UCRCXlI2nq13mDXOfinbUtsw
1810;UClwJNmTNL21MVHkn8nwXUBQ
1811;UC0VvxW6DEAVxIEfWgBnuaMQ
1812;UCTcattmyWp53dUmhfatRJGw
1813;UCiHfhj-dKP0UhTB0OhDeUbA
1814;UCx_SjDi4CS5ALkWCS9ffldQ
1815;UC1_vRflhxnmQgOTfGmIiy-Q
1816;UCR0fZh5SBxxMNYdg0VzRFkg
1817;UC7KgUj5MDoJX4N5b-PI3jPg
1818;UCBmLjiIp3KQls0ik7W_2dqA
1819;UCeYHpGha-z3ahTum2tpvf-g
1820;UCglQOK6wX00WmP_Cpju2dGg
1821;UCs1fP1J8BpepNwIfk2qeVkQ
1822;UCKpFJB4GFiNkhmpVZQ_d9Rg
1823;UC-BDWXzRtGTuqJ-0m_mYvtw
1824;UC1gxxeC0elWutUUmPEr74NA
1825;UC-uP8fChoXf3FTHyttRRkUw
1826;UCWZsfUsNChCrEkP9oXovlrQ
1827;UCcx7LWgKOEI5bFHpItsGtSA
1828;UCl35KXTk8D3YEUjY5-MS7ug
1829;UC7Ffg-Ge4fm37jJRSbcckeA
1830;UCtZ2JhJGOIgoRg6OGQqwb8w
1831;UCNNSBko0knp_iDrQhDNZnvg
1832;UCiTtO9FDqPGRqDMuSC74AQA
1833;UCIV90nYmI0P_IDTtme10N6A
1834;UCjG_4Kg7ZWWs8o7EnfnDc9Q
1835;UC3urLX_SlavH18OBZd0ZYLA
1836;UCjyqR75IQwOROnq-HKBtWag
1837;UCX_GZFc8EB1KsnspYRnesEg
1838;UCUwBr3DpMT3WhaGuHnJcakQ
1839;UCoIiYTHnF7YtqrLzVLVjzjQ
1840;UCQAXGdEpAD6bqL8gNzSsLzA
1841;UCHgXWMXPXMD9xJRJ2V0MohA
1842;UCFQPIMzJ6wD8nYv7vCdE-MQ
1843;UC5kZ57QTWfErOmzo2tMnV8g
1844;UCl7yjjPLWXTf1yLNjLYSr8w
1845;UCDlkrCpxEOO1qLwCs_Br_Wg
1846;UCvPbHiqhLtpNWA_cg_1NULw
1847;UCVT5-Ra9zWjIJX9sgmo5qrQ
1848;UCvOQwFjV0T8UsTDVGUOM7Gg
1849;UCxXTyFekH99JnS3qaXIQW7A
1850;UCyLhpUI0-PIkLqink4UcIxA
1851;UCyai0nsa3eD_JbxyAozWkVA
1852;UCViO5gRp5Boa6QslAo-gPAQ
1853;UCBgQzXEjfeAlb8GtvuIsLQA
1854;UCu9wy-s3NZJZr69xGopqmaw
1855;UCxjC_VVez3w8Uyh7LWPnkXA
1856;UCHMJsns2MeqLv6m7S30AgVw
1857;UCASQzDb4SUC0gZNPbwBubIQ
1858;UCeKem7g09AKfD1KNR1ytjhA
1859;UCCfgk8u268MtXY7sWUmGA-Q
1860;UCrVft1rhiJqIt7USDCwQ9Mg
1861;UC_NPMpK-gZVIKqvDRljgbBA
1862;UCr546o7ImhGM57qoY0hHvkA
1863;UCVOPz9s4ie9jkk8f9c3_vMA
1864;UCMD59kp2wnqfLozeEe5yxrQ
1865;UC5iIhK9vGdQ8Io8E-uP0rpQ
1866;UCbE3nGd3Yto59BN-taoOEAQ
1867;UCKrLOIYtxTfjkBy5ho3FSaA
1868;UCvTflPL_YBQdrHcKFI5xdYg
1869;UCwPzlQU2MqEQJWgqM_0VFKQ
1870;UClUtH75j6Bd7_Ty17jHVDPg
1871;UCi8Pr2x8kM7Lgk1lv7Poylg
1872;UCrcW5RwDkuS5RUMM_RNLvmw
1873;UCCjsvWYJ00k9T6C20iBH2-g
1874;UCVRj-aUsXBrlM8elk3zmLvw
1875;UCgMnMAgR8pY04npvnnlvoHw
1876;UCeuM9SiMiZWXN8vD3FrTKLA
1877;UCT350j4u6alUKyF9eu2bGug
1878;UCew_4g9aQ7xi1iGQOgHaYtQ
1879;UCvM_k1scQ1YU50HiQc-4xyg
1880;UCI2FhX0p9P8ODPP0nixR3bw
1881;UCxOEp-QgiQMwqBmJlBbgrJQ
1882;UC5_krRvKDHZfa9ml94mWlww
1883;UCnEQRcFpr2E926ZSZl31uXA
1884;UCRPxvYUpUXgpHaVkJukdqrg
1885;UCH1tA-fTeONzIqulkJvYrpA
1886;UClCnEgx6xlYh8gzZ1HaAl7A
1887;UCV-ZJdwMlWHox0_TM1rC_kQ
1888;UCe86wUFHU2w1K4TuI1OKDwQ
1889;UCLtCpoKNCGNOLf5_tHcQhwA
1890;UCpGnvIUZbg994_gnmckILKg
1891;UCONz8iVTEx8HTZEiRFD4LoQ
1892;UCh4ECh_O3uhViBrFR_XP8Gw
1893;UCO46mZ07U0sP8QKJafyxa2w
1894;UCMItGKKTQzBTnIcbEoO3XnA
1895;UC9308ZpbI7GX_Ze4eIyT0lg
1896;UCiGB4A7syGkrO6wQA0SAaUw
1897;UCDUdpQ0bfPRNo1aifNUgSWQ
1898;UCVSKAAIMVle0gZswkfys5jw
1899;UCtnf7J6JJVAiA3d610z9NhQ
1900;UCIBXSVlwZSaFiEsp-8qiswg
1901;UCFWz-RVDDuPdX-PImCjEaQQ
1902;UCL-yKZ_kCuKBHyeRfePpvuw
1903;UCftejS7sSBi_WXNoUo-k82A
1904;UClFMniGLo1ysEIrUQShlK3A
1905;UCZ1-u3qX7AUUPzH9O_Peb-Q
1906;UCbrwv8yeh-b4E-8XI4rPVzA
1907;UCVbKWqUXDRdspaJ2v-prwnQ
1908;UCMN1sCJcoiuzEeadDlg3GjA
1909;UCH7OUk52TlbS6Ise7mFBtoQ
1910;UCG5Kp09WJc3rJ5QjUY_AEug
1911;UCxYoShcfPZ1cxydh9w8pVbw
1912;UCzh7w6C3jqMFi2vVOaf2rSw
1913;UC47HS3kJymy4NusrOHVBS3g
1914;UCPcXNrWeYIDuhOLDyFKWVug
1915;UCu8O_O9TRSl65XRA6AI2oBQ
1916;UC6kuPeJ7FNZJcKN2WHB9nvw
1917;UC1GQJC6ZV5uXj1Z-YVVy30A
1918;UC1eCRBRm6nL3LgSdrz7hw0g
1919;UCsBvSBqYRAbg8tIcFt_hJ1w
1920;UCjG4MtXKu6a9MFNYUK0WcZA
1921;UCBjofXtZArg9QSuzOWwbflw
1922;UCGNMOAFFtI3hy-VWKLptABg
1923;UCGY8AzKtkbar_SRgoAN5Agg
1924;UCsP4iQA05tA_F4lgCTlWBFw
1925;UC4SMSzl_jbGe7VFkoOAeRhQ
1926;UCRAvJanqyF3IQ6owFY0WdNA
1927;UCTbhS5-KTEKzBh-eqeU5vAw
1928;UC0bBYj4NEC416pOu4Krjmpg
1929;UCn0sxo5Ocp8eSFqr9F1URpg
1930;UCxsJStLRsQHzjDKSyMcIcFQ
1931;UC6zZ6ROUfiMqSRrsMQamlhA
1932;UCoc4iO1r4Bv0kuABk5PUwdw
1933;UCk0IuGzj0BUB-waVMpEm6ig
1934;UCY70MMJ8Rj4wtwt7bVN6hIA
1935;UCGc5gvCwLDl6hh9iCrlDDow
1936;UCWynGF-VHpzFVeIqGeMx07g
1937;UC8qfIIxRUBEBcEVnqEsLcDw
1938;UCxwmn7l-g5kWLUD9ZWPtdAw
1939;UCabMx-URCjr2toe9wOE3Y-Q
1940;UCQLRK5wiWGmzp4dnFt0arwA
1941;UCdwZ5TAXWpPUdDC6EQvpY0g
1942;UCajgcgjxXLZ_z817H5JnOzQ
1943;UCqR7NS8q0d766I9LDcbNtQw
1944;UCqMLEmIV1pxWlkouaqlBbDA
1945;UCiJySJDmjEUeJ6IqqwyXbWw
1946;UCfrvghDMTAhHb--4amRx-fQ
1947;UCJCreS7pODbA6XYRsI5fdLg
1948;UCgpfoWnAUbz-z0A7XRhYtNw
1949;UC7ZWq0v4coODbpEcOpl45fw
1950;UC5c1crGPtnf3ZJ5TKWl918Q
1951;UCkRP0nS2qERsw-U-OTLbI0A
1952;UCZlvMgPCcGePhluKr9UaAkw
1953;UCBDSkZ7DtP_nLUfZhV3wgew
1954;UCcLMQFH6ZxO1DqxBAMEHTxw
1955;UCd5G0-kWkj6ifL-zKKhNl1w
1956;UCKBLN42jsmiLCihWz80GUPw
1957;UCX29uB8Jf2G4cPrtqlQRXzQ
1958;UCvAlO4iRyX6-Wk2JuP84jkQ
1959;UCzbtwtOsPv1ALa_bwc2FPOg
1960;UCU6npyCs2Fwyf542sJN39jQ
1961;UCYb-01F-JxaDY9tsyDLG96g
1962;UCh7Fh7cDnaMXALyileCNgOg
1963;UCq6jYgbPEh-lttcUsvPCbsg
1964;UCgCOpdXdcJf58lpLtlQH2ng
1965;UCQU_sVZ6eDtX6L5fUGsgV6g
1966;UCAbKpmZxZBs4eMtgE1Da8bQ
1967;UCOpQplDZCG8Z3C3hA5Igndg
1968;UCMpnS1ol8dl2dYmQHFOGxjw
1969;UCxn5QMPGv4nDWmG3Rrq5Vqg
1970;UCqkYKx436lTkeki_9eNmv1Q
1971;UCM_6k2iOLsBbcMN_xgtIYYQ
1972;UCCVyoyzy838jSSDzTW4XTeA
1973;UCieUizVWXCUL-7-7qms8pOg
1974;UCtHWi_Mwj_Bu7TT1SjaI5Gw
1975;UC5w-uRIutST34hir01q1iSQ
1976;UCrzS0CfXGx3SCmH6WlDukxg
1977;UCidbCSNfzJXScnt8LWtwrhA
1978;UCfwY1WBJRCOP17Gpa-6l4rA
1979;UC_ElOANq_1BwPNFWmWHXtzw
1980;UCBR6fDYOfBAh50f2IBt62aA
1981;UC60rU6Sjnpn4inBBnY79Qig
1982;UC0hVVwpx_zoLEuKI8bOgFdg
1983;UCrQPfnt2X3fef95kqVqYqAA
1984;UC8LWy1GmfO5zXArEWr1NinQ
1985;UCoe5u1Hr0tHkJVzgsiKoMJg
1986;UCMftokH3VrftH3pKZArp9Yw
1987;UCMCauTZUQkL_5DHmiBArqsw
1988;UCsmz4VsweSVvdR3uW46xzgA
1989;UCeamuoYuBeRnRRbmq5CmjVg
1990;UCibhJRykroGZy6KJEmjFoxQ
1991;UCZII2-pYouhc81JtJ9zShEw
1992;UCSfWR__2VI6f9k_rv6eD5Mw
1993;UCsqKbe0_9D9gO48DeuDjbCg
1994;UCdSR4qIo_clZdeFvk5iTiTA
1995;UCfJJ9vqyUPRkyUvnGSB-56Q
1996;UCevWaUYyz74RlfNrbZAKJDw
1997;UCsJs_5_JdBEkYwQupGMa49g
1998;UCtxKKDdnZuY8XAammczTPrg
1999;UC-6DpdmxyEh6oPQb0gVKMiQ
2000;UCAkAq8ajQKqRcur5sMUg6hA
2001;UC44ygHhf5-2W-uR44BpPVdg
2002;UCRQ6pPba1zeJPqX0xinXBWg
2003;UCHzCimqhvPhCH75h80pXM1Q
2004;UC1YOkM17BApawSjPjHCqnTw
2005;UCi-nUi67HVFEtpaFsjRj_NA
2006;UCz9_mvXYBR7VP-sod0tPgsA
2007;UCFVUStJ4azXbWMhFO4yTELg
2008;UCL8Ol3ItR9ryi5irYUCM-Sg
2009;UCfEflJTjF2hq0IbfkSWGRkg
2010;UC8aIq_l3wnoWDVu3sasgoew
2011;UCqOBGj4CsQWiO39iSFrzZQA
2012;UCqdOvfSmM2NKRNE0FSbATuw
2013;UCwqqkIRJllSh89L4N07KZFw
2014;UCz-Io0zXXatZv5Qc46awV0A
2015;UCftKKSU1fyGv9CkGR4AtRAQ
2016;UCbFaG853QDDPiuIfBjELTSg
2017;UCGpYX4tDvrHNEElhWB9Gllw
2018;UCo32PTWM8Pd4vrTXNPN8mXA
2019;UCIKAZwaFnH_QX1ddYDQf-lg
2020;UCEpx2l9WZ3jyCCcCKheKi4g
2021;UCu76O9Ye9k633b2VaLg9cPA
2022;UCxJHC1EBFZY4V5EiZo_pZbQ
2023;UC0lwvVVvTEM2PIMLA81ax2w
2024;UCaJBwb7XkojUOPbz_6uzPag
2025;UC6ib-RmFs5hsjPBN8e2SoSw
2026;UCEOyz2Lqgs9BS306scjVkRQ
2027;UC6r8rfcE4_-Yv0Z1D2PLlIw
2028;UCWl6ZVke4P2GYpk6eq4BPIQ
2029;UC9xHDLLjog6uGaNc8TKwX9A
2030;UCuA2qyG52zI-Zstj85LjXdQ
2031;UCigJa_VqAvkQSsQtKNvNhOw
2032;UC67cHylVUDFWehzSLw4ms8Q
2033;UCglVNKDLniFrF2y-M504Lwg
2034;UCTTvFfFatgWr6jv1jVgei1w
2035;UC0xEzjGJ6waQPoHwAdhYD7Q
2036;UC-iNft4KceyBW18t-nfQuEw
2037;UCcw9fZn0E_MMuimfbp8MmxQ
2038;UCJe49hIRVObLL9TpYTuf36g
2039;UCvQaTpHnhug8g47SDyoAgNw
2040;UCS1xwRtmeaSNhyPhGjJTbFw
2041;UCnafVL-WfhPNm453RCGbhOA
2042;UCGJdFqyPzu98DPdOh2oQh9g
2043;UCN4iWTZIICpOe-78cz9RP1A
2044;UC0WrrEOqUyDesOyGbwQPXgA
2045;UCa-cPOJkr6cj01cfkumpYVg
2046;UCD4cv92hUQA_Zy-LPZaFMiw
2047;UCfjvEhw87LGduwCUPi6jkkQ
2048;UCPRgl6ZwEQIyrwBUcwsbr5w
2049;UCuiwOLwhflDAUOd6sFoftoQ
2050;UC-htEWSorrVhq7u0cS3Pctw
2051;UCEZG7BqByICJqUP2b1V1MGg
2052;UC-OCnx2rKlOfXVAos7cYUog
2053;UCtHbJa8ZfjppP5eEBFyDSwQ
2054;UCqnIyZIB3oK1frZXYfGCWkw
2055;UCzdtjyanRxfc3vHm2rK4GFw
2056;UCMkYd9teJEBlCOwDan6qPpg
2057;UC5FWCWFWRKg5a8QYsUYFhpg
2058;UCCO1fC5K018iQrtUuKVqhhQ
2059;UCvCFNLwK0IZsB_YdUE2SJ8A
2060;UCFWPH_Xe3gq3itC9w1oNl3g
2061;UCnY_T4xWN8_PZagrn5pR7qA
2062;UCg5HQ8yI3f43ogvFJyVMfhQ
2063;UC9TCG-ivBe-RwlFbo5K2oFw
2064;UC34avTJVyhA6Af5-fZhmxgw
2065;UCvIc2t3V62rQW_RpgBRmYhw
2066;UCkGTvcz3OuuoOGWctHo5veA
2067;UCz3QRglH_VPC5fjd3vekSsg
2068;UC8DKFMLLY-KiW0jIqdGJbMw
2069;UCUzMnc63Sw_fuq1TNb2S1Kw
2070;UClkO4MArT2WKWj32YDD_-Ew
2071;UCrNk0Ymg6JeagiMSNAiBglg
2072;UC3KfELiIm0fy_VhiE37xKWQ
2073;UCsCym0TSI9nRnBLDqXqCmBg
2074;UCGxFNMDlSqlWWCEYHQypruQ
2075;UC1z84Rruj-7aImL6BfK1Wgg
2076;UCEbWxEzz7YebK5eNyF8L9XA
2077;UCnilymfItZWm5rI5Y5OAknQ
2078;UCOdLEq_FQS5IzyFaUMEAyFg
2079;UCezB8ZxKLSmmL2gx8zb4iEw
2080;UCQZ1lsBP6eMCQXxk41XpMew
2081;UC2no50zLznPwcQa2HmcyCOw
2082;UCJp69mY5DESZH7nrVtCYGww
2083;UCxiS0f6jQiko6gqDTVQR89Q
2084;UCugBxjk93tr6rW9bKXJSeQg
2085;UCpZrpFJvEBfzni_hL7KmF6g
2086;UCqNfXxfww4ATBZsbv64nwRg
2087;UCu1TmqsWWNxy1BZwJT_j-rA
2088;UCie7RmdcnvXA1FXHRJa7WtA
2089;UCHriaL1f9KPSkKN-7ywIaNw
2090;UCbzxshvXVewK8mQBINdlZ1g
2091;UCd-F9uGXp8D06RB6rnqUUYA
2092;UCUa8s1GPOGlfwUeiO8zzLnQ
2093;UCwHDyMolzSxH_34rp3jTD9A
2094;UC9ha3sh4YTCSK83dH6OlWTw
2095;UCZkbkGravhRiRsb2sjmNX3w
2096;UCS7D2KWvCOhQTbrGqdq9avA
2097;UCO-NZoGEzCE5klWUCZVDuWQ
2098;UCJoRlH_MT4D2F8-Om-fioQg
2099;UCmA54XhpFJWyw_Bsj1jYsMw
2100;UCuX2Z2cEczguBxiEKaB28KQ
2101;UC0Xe--tV7PTSI-ZnEbiAwUA
2102;UCeEjVK0p1o0f-mYw3bsnZ2A
2103;UCQ0ITSaghf_QSSodTbb6xDg
2104;UCRV96mX330V_1o-al1IwH5g
2105;UCGeJFkzITCvgspePZPfngTw
2106;UCjIxD2JsiU6RmvOXaLNthHg
2107;UC-RxXi2Xws6Uk22vp-sLbGA
2108;UCl76uF5GIuimTYxe-JjdsLA
2109;UCJoETvJ0a2zVRFzj02MzmLw
2110;UChQiQ_TBQtluXTW98tgXb4A
2111;UCXsACBjoeRVtbKrbdRCiLYQ
2112;UCcddmqHBErfequ4xYj9orJQ
2113;UCQuX4jRgybTdKu5YvVKfVSw
2114;UCUKyRkZuMdNv87E8xbObN4g
2115;UCnHMy-TParQbBpc6ppQxQuw
2116;UCAOXZ7I9ysmFc_1gQuBIFXw
2117;UCZ-vAQadm_AT8cqwMRJFrpA
2118;UCASAPdGVmsA2Hepq-TAbQ3w
2119;UCvQQMY6TyUdt5VeHpuHv_Dg
2120;UCyvEONnqE2Krm9Zi0LVvGmA
2121;UC43nIp-o5OiTz8T8xYIpg-A
2122;UC1Gz1YkPBoLzQSBKbswBHAw
2123;UCwDDFvFFZ1X9ivgS_oBYQ8A
2124;UCm-J2v3UyeMjYroIo5HoXKg
2125;UCS66aeKQNvJSOOGPjVHDE3Q
2126;UCGUZezqyI1pbxG2wXXnBjYA
2127;UC3tVjiIF2isKHViQmgtws2Q
2128;UCustbzJP9SMI1XZtOMIOZWA
2129;UCeFhVfUYk5y6boBsN9_21jA
2130;UCqHVWLjZ3NNY2332XkpsFhw
2131;UC6e48gru_N9w-tyqMCrI9Qw
2132;UC9QRy6VmeQILt4BN85lBOyg
2133;UCKtpwWoLGO6kbhckImdrtQw
2134;UCDBAOsRNqsx5kz-w4Im7M5A
2135;UCnOofSLpyiDQcThNKf2JJGw
2136;UCaIldlXjcTYsBNUYvMP2W1A
2137;UC5olGrDscAt8rpqWm1_0tJA
2138;UChUekb6YgvGrjK3BpOz-OvQ
2139;UCRdbeElPWvSumxERqoR7ZUA
2140;UC4tTzgvR7ft5_oHZRx7vA2A
2141;UCASycZsCsne1D7ItBA4WMSg
2142;UCQuJcx_P1YL59QaIyoquYDQ
2143;UCFZIdwEwxVeCzFT7BTtH5lw
2144;UCueZmeMCfBxXH9w1YxsTE6Q
2145;UCLLLdCANnMAdMyrXdYbSlxg
2146;UCn_5WxuUkYPpXKcfbvZ7V6g
2147;UC47Aw5E4Gej0jGfbMmpqZ7g
2148;UC16jEFScVGN9qSyVuCWM74Q
2149;UCu3dYw4N8q383xoh3FxZREA
2150;UC91x3132JSDZ7DYs7x_Q1KA
2151;UCF7CyZ9gTwc3DwGNXaxTyKQ
2152;UCf9FsuEuyEXVxZtyCZZz6BA
2153;UCh2Lgr3oLSvY3m4_tXJ8Dtw
2154;UCiU0g10CPxc473NQQGwis6A
2155;UCVNxjVDDq9ALxFuCKMx8HQg
2156;UCYH3JdNnBFzELcu-fBIdLEw
2157;UCjjSAy_cb_Rb4izXJWtgyew
2158;UClZY-A9DGiR10ZlUMTLjDBQ
2159;UCz7OMKe4XKTvSqvCxQKhuvw
2160;UCrrIELWlrcgDn5jFwh8k_bQ
2161;UCbfzszfxZr4qmeZjZ_3R_Pw
2162;UCQHUEiqAO2k8otg8dZOTREg
2163;UCEJSE4eH3cSmEGtujsz5DNA
2164;UCE0UPDWdE4YVkaS7rZS1F5w
2165;UCBB5PghKYmsEc04ZU542R-Q
2166;UCN3me_2IdGN5C0QV5PubDlQ
2167;UCLPG_xkgSWeWnOhBsi-jxCA
2168;UCvK2X8F9RMphGy4Y6eJy_aQ
2169;UCnsuUUZ_48m8RVHj_08CYdw
2170;UCSNCqz6wqMbiCW5o2BWan4g
2171;UCoDyBtyP-3WC6z56EMMnj6A
2172;UCAdFen-6WQOxmDHK3saMD8A
2173;UCaqEHP76q9TblVUO3sHFSQQ
2174;UCplVxs_j_sLAt0fkplXcl4A
2175;UCGN-NVD_FT_Kyv_VdUxzc7A
2176;UCQAC2otE5_agzHZPnk3mE5w
2177;UCZcDgWig0A-ZLfCmReFBVjQ
2178;UCeDb8-5_SkzGA1hajfflbpg
2179;UCHRd9DJ5uU-VW1zU_8HZoJw
2180;UCsvfbwAdMhf9m_zb_pQO4vQ
2181;UCVh9s560pROYmJvuI1tNEWw
2182;UCVghqAB7_XESlHyibRzg-XA
2183;UCBOjUoYy4CuNOXDMJuhGjcg
2184;UCL37jBJ-xpoSZ63v4_H6BUw
2185;UC65jmwvHLoCMBJXnzHrGwiA
2186;UCEp0rsZTbruVpumG5NLaNFA
2187;UCr30rkVszi-eguaGYb6BwiA
2188;UCtj7qT-lvSoAFSAV78sTvtw
2189;UCCTovkyohJRHuXVwFHeV9kw
2190;UCOKBZV2gm_3KYsa9urOd6uA
2191;UC2wW5pY_hof54xmmkicvpRw
2192;UCxGyyzsaxwLM6TQ1LQ03sNg
2193;UCWJy1SKLAB9VBz41_9al-fg
2194;UC4lUbhVTe4sdXlSvh-jwp5A
2195;UC5hjtX5EkWzLE4YZ-qLS_pA
2196;UC6pC7id0Hb33owfOs01qucg
2197;UCObIwMBoW0bKukKmdCCiRlA
2198;UCOxG5Emv0XSLm5b533PtgrQ
2199;UCjavmqeKRxhvdZpceCr8hmg
2200;UCzY3w-5muWAUWIdCJ1EYuLw
2201;UCNFZ_RT98Ri4i-N5eL7IH5w
2202;UCivC5y8knifWcL8y4JcJvUw
2203;UCXo4WugjobSnTIs9WnDE3qA
2204;UCXMKJkrhB1Bgw8xRaRpEa3Q
2205;UCqeyHJhqw9ADs3HUYAbIbOg
2206;UCdaXbC3e0gLdUNOmvFcGahw
2207;UCxWoxmeiabuqD2wJnGl6X4g
2208;UCc9UUSOBWC6VCkJUqnh-CLw
2209;UC6Uqvnh_ozNoZKSJkX1Qzig
2210;UCzQ9rowk93wmA6cX8uyp20A
2211;UC27GoaYlX4Fn6cbdt_hOdVg
2212;UCvAnclelY8eSq8GyPE19KTw
2213;UC2Wt3nXGRe1eo0Y2hiMfq5w
2214;UCaGhcqoEl_Ax38aPTskSupQ
2215;UCJiCrXs-s-pZtjBl7T_O1pQ
2216;UCo6qks4XPFb2CSYe_KVnc5Q
2217;UCTGhVqu5npJr7FtpRRglsvA
2218;UCWtAa1fyxYxR1gAH-IZtaXg
2219;UCaUCzPRX1bKUwz7a2aJgIDQ
2220;UC3FqYK9UCKtmcTwSYo7mwpw
2221;UCntL4PxpV-YZi87E1fCZ27Q
2222;UCr6fl90LzES3vTPVMG1Cu4A
2223;UCfvNrrg2yltepcCD9fl1y5Q
2224;UCMfSH3HULOeoeEbxHkqF21A
2225;UC1Z1i5ClfrJhyu9z1hlmDkQ
2226;UCt0rmyaJboPs29J_YSQucqg
2227;UC-CDQ-MPUdBWcjB7SrD1HZA
2228;UCKEx72IVpUVXvTBjBeZzOLQ
2229;UCoGh5Jf8sqjKBbjrvQ5L_tw
2230;UCsUKiZcX_Kym2vdEikbHMrQ
2231;UC5gbB_JrLU0QQhu39t8f5Mw
2232;UCh_tqfiqNM89lL4SclgCG6w
2233;UC5tEV5xc6NAJynMX-7vsa5Q
2234;UCnVjidHzypKf5oTKWSA1G3g
2235;UCuzPu2Jwx98FdfMyXWJQ90w
2236;UCpuHc1_Ygi07bbL2XHmmRLw
2237;UCV5KgNhOM87RJB7Fbv8C2CQ
2238;UCrn6pxHybOwqpgbnk40YGEA
2239;UC-9pUIg89Z9BYNDAZaJe-bg
2240;UC9pXxdNqCc2zjgRXSoowNNg
2241;UCExNRjztVKtVu1CNzPpIFCQ
2242;UCbISTP_6UvCsEm3-QL6cRtw
2243;UCuZTp4-0xPoGUxdKPLiQE6w
2244;UC5J6aZrUMK9oM5U6ci3VppQ
2245;UCbdfEJ4_kDmKeZ_CbWIM-Dw
2246;UCGgGXhOxkow8tQ-DZw9P0Xw
2247;UCxb2M5GmklFJxkRbH3pGM4Q
2248;UCvF_2eTFWkLxdKABAsc7bXw
2249;UCn_WfMGQSVJFzM20pQctuug
2250;UC_6uDBbOs5tPr8dFH3fbqmg
2251;UCqSR91bTcQyrSZpUdGpJy1w
2252;UC7KuzeXXWJSjKV7ZIWH7GHA
2253;UCZpL-0v01cKfvDhgmAYKwZQ
2254;UC_Qdfs7iE_3khDYIu4Nof8A
2255;UCTGz0Hu28FNQoxfskZYffZw
2256;UCXHw5vQvEhrL9UeQYoCVS3A
2257;UCUiXvv87tU6IHkjfH8CDJGA
2258;UC5rxiCGcNunIi5zI1hMYLMg
2259;UCLSEJQ8TWtlEkaytaa4Y7lw
2260;UCnkG_c5cyemVVsgCDoHiXew
2261;UC69lWS7UMbBQc-9yqp4nGjA
2262;UCpbE1CJWNHpu8knuok8YBZQ
