,name,orr,agr,disagr
0,Karol Markowicz,Right,10,17
1,A Project for America,Center,17,5
2,Aaron Rupar,Left,168,90
3,Aaron Withe,Right,112,101
4,AARP,Center,1941,4031
5,ABC News,Lean Left,39282,19615
6,Above The Law,Lean Left,359,218
7,Abridge News,Mixed,469,314
8,Accuracy in Media,Right,1043,688
9,ACLU,Lean Left,2407,3499
10,Adam Serwer,Left,17,18
11,Adventist Today,Lean Left,9,14
12,Advocate,Lean Left,16,16
13,AframNews,Left,12,10
14,African American Conservatives,Right,18,22
15,African American Intellectual History Society,Left,8,4
16,Afro,Left,13,8
17,Aidanne DePoy,Left,42,40
18,AJ+,Left,727,267
19,Al Cardenas,Right,505,412
20,Al Jazeera,Lean Left,5320,7707
21,Alan Dershowitz,Lean Right,242,604
22,Alan Z. Rozenshtein,Lean Left,6,5
23,Albert Lea Tribune,Center,5,7
24,Albert Mohler,Center,4,8
25,Albuquerque Journal,Center,18,34
26,Alex Pareene,Lean Left,31,33
27,AllSides,Mixed,4389,1747
28,AllSides Staff,Mixed,280,145
29,Allysia Finley,Right,782,787
30,Alpha News,Right,12,4
31,AlterNet,Left,15183,3430
32,America's 1st Freedom,Lean Right,14,7
33,American Conservation Coalition,Lean Right,18,9
34,American Conservative Union,Right,1163,622
35,American Enterprise Institute,Lean Right,1907,1078
36,American Greatness,Right,590,264
37,American Psychological Association,Center,244,378
38,American Thinker,Right,2124,1120
39,American Values Coalition,Center,6,11
40,Americans for Democratic Action,Left,903,373
41,Americans for Tax Reform,Right,825,581
42,Ammo.com,Right,185,125
43,Amnesty International,Lean Left,614,1043
44,Ana Marie Cox,Lean Left,72,74
45,Anand Giridharadas,Left,16,15
46,Anchorage Daily News,Center,69,66
47,Anderson Cooper,Lean Left,19,11
48,Andreas Raduege,Left,67,67
49,Andrew C. McCarthy,Right,76,62
50,Andrew Giuliani,Lean Right,76,113
51,Andrew Napolitano,Right,1004,1181
52,Andrew Stuttaford,Lean Right,36,30
53,Andrew Sullivan,Lean Left,3,10
54,Andrew Sullivan,Lean Right,329,356
55,Andrew Weinzierl,Lean Left,108,87
56,Andrew Yang,Lean Left,349,267
57,Andy Meek,Lean Left,77,103
58,Andy Ngo,Lean Right,450,587
59,Andy Stanley,Center,6,7
60,Ann Coulter,Right,2153,548
61,Annafi Wahed,Lean Left,379,358
62,Anthony LaMesa,Center,6,4
63,Antonio Ferme,Center,59,36
64,Antony Blinken,Lean Left,41,46
65,April Gardner,Center,37,21
66,Aquinas College Saint,Left,1054,714
67,Arc Digital,Center,66,74
68,Ari Hoffman,Right,21,16
69,Arizona Mirror,Center,32,40
70,Arkadi Gerney,Lean Left,334,307
71,Arkansas Democrat-Gazette,Left,1147,895
72,Ars Technica,Center,37,44
73,Associated Press,Lean Left,31858,24875
74,Associated Press Fact Check,Lean Left,6045,6934
75,Association for Psychological Science,Center,874,773
76,Atlanta Black Star,Lean Left,158,214
77,Atlanta Journal-Constitution,Lean Left,1213,1090
78,Atlas Network,Right,547,411
79,AtlasOne,Lean Right,348,395
80,Attitude Magazine,Lean Left,8,6
81,Austin American-Statesman,Lean Left,1042,857
82,Austin Daily Herald,Center,7,5
83,Avanti Giridharan,Center,98,92
84,Axios,Center,7569,8402
85,AZ Central,Center,322,587
86,Babylon Bee,Lean Right,871,355
87,Ballotpedia,Center,793,534
88,Baltimore Sun,Center,235,298
89,Bangor Daily News,Lean Left,35,42
90,Baptist News Global,Lean Left,6,10
91,Baptist Press,Center,7,6
92,Baptist Standard,Center,4,8
93,Bari Weiss,Center,217,157
94,Barnstable Patriot,Center,641,750
95,Barron's,Center,28,13
96,BBC News,Center,32335,27745
97,Bearing Drift,Right,750,670
98,Beaumont Enterprise,Center,15,23
99,Bella Jasper,Lean Left,85,77
100,Ben Sargent,Left,355,300
101,Ben Shapiro,Right,3300,1413
102,Ben Stein,Lean Right,865,588
103,Bernie Goldberg,Lean Right,111,82
104,BET,Lean Left,354,525
105,Beth Ballentine,Center,426,514
106,Beth Hicks,Right,72,64
107,Better Government Association,Center,77,117
108,Beyond Today,Right,7,6
109,Biblical Gender Roles,Right,247,103
110,Biblical Sexology,Right,179,98
111,Bill de Blasio,Lean Left,13,38
112,Billy Binion,Center,352,279
113,Bipartisan Policy Center,Center,2,4
114,Bizpac Review,Right,173,108
115,Black Agenda Report,Left,35,24
116,Black Community News,Right,5,9
117,Black Enterprise,Lean Left,127,223
118,Black News,Left,5,9
119,Black News Channel,Lean Left,2,3
120,Blavity,Left,11,2
121,Block Club Chicago,Left,142,93
122,Bloomberg,Lean Left,17391,22449
123,Blue Virginia,Left,909,646
124,Bob Barr,Right,80,85
125,Bob Gorrell,Right,383,266
126,Boing Boing,Left,1035,698
127,Bonnie Kristian,Center,69,68
128,Boston Herald,Lean Right,743,571
129,Boston Review,Lean Left,111,117
130,Bowling Green Daily News,Lean Left,697,737
131,Brad Parscale,Right,140,56
132,Brad Polumbo,Lean Right,7,2
133,Brad Raffensperger,Lean Right,67,59
134,Brandon Rennels,Lean Left,60,62
135,Braver Angels,Mixed,51,38
136,Braver Angels,Mixed,205,171
137,Breitbart News,Right,42385,11748
138,Brennan Center for Justice,Lean Left,30,36
139,Brent Bozell,Right,393,346
140,Bret Stephens,Lean Right,407,446
141,Bridge Alliance,Lean Left,72,67
142,Bridgemi.com,Center,214,183
143,BridgeUSA,Mixed,10,3
144,Bridging Divides Initiative,Center,5,4
145,Brookings Institution,Center,2909,2170
146,Brown Girl Magazine,Left,202,99
147,Brownstone Institute,Right,102,89
148,Bruce Golding,Lean Right,18,15
149,Bruce Yandle,Center,52,58
150,Bustle,Lean Left,940,924
151,BuzzFeed News,Left,27253,9655
152,Byron Donalds,Lean Right,64,54
153,Byron Donalds,Lean Right,27,41
154,Byron York,Right,25,23
155,C-SPAN,Center,4418,1461
156,Cal Thomas,Right,69,42
157,CalMatters,Center,905,805
158,CalWatchdog,Center,641,678
159,Candace Owens,Right,17,8
160,Capital Research Center,Lean Right,138,103
161,Care2,Left,706,725
162,Carnegie Endowment for International Peace,Center,558,501
163,Carrie Lukas,Right,305,236
164,Carrie Severino,Lean Right,25,21
165,Catholic Digest,Lean Right,3,6
166,Catholic News Agency,Right,6,6
167,Catholic News Service,Center,5,6
168,Cathy Young,Lean Right,119,143
169,Cato Institute,Lean Right,1338,1828
170,CBC News,Lean Left,167,269
171,CBN,Right,7160,3642
172,CBS News,Lean Left,20589,13165
173,Center For American Progress,Lean Left,1316,1822
174,Center for Countering Digital Hate,Lean Left,12,19
175,Center for Humane Technology,Center,22,18
176,Center for Media & Democracy PR Watch,Lean Left,332,415
177,Center for Public Integrity,Lean Left,806,952
178,Center for Strategic and Budgetary Assessments,Lean Right,431,513
179,Center on Budget and Policy Priorities,Left,871,736
180,Centre View,Lean Left,686,737
181,Chadwick Moore,Right,4,4
182,Chan Lowe,Left,278,276
183,Charisma Magazine,Right,3,3
184,Charles Blow,Lean Left,392,475
185,Charles C. W. Cooke,Right,9,7
186,Charles Fried,Center,8,16
187,Charles Krauthammer,Lean Right,934,781
188,Charles Lane,Center,94,131
189,Charlie Kirk,Right,473,170
190,Chicago Booth Initiative on Global Markets,Mixed,290,287
191,Chicago Crusader,Left,106,50
192,Chicago Defender,Left,148,73
193,Chicago Sun-Times,Lean Left,982,989
194,Chicago Tribune,Center,2192,4104
195,Children’s Defense Fund,Left,432,440
196,Chip Bok,Right,259,213
197,Chris Britt,Center,245,170
198,Chris Cillizza,Lean Left,37,38
199,Chris Ruddy,Right,241,319
200,Chris Wallace,Center,246,493
201,Christian Coalition of America,Lean Right,9,8
202,Christian Headlines,Center,7,7
203,Christian News Network,Right,2,6
204,Christian News Now,Lean Right,5,4
205,Christian Science Monitor,Center,16730,20347
206,Christiane Amanpour,Lean Left,721,878
207,Christianity Today,Lean Right,256,378
208,Christopher Barnard,Lean Right,19,18
209,Christopher Buskirk,Lean Right,221,170
210,Chuck Asay,Right,274,216
211,Church Militant,Right,3,2
212,ChurchLeaders.com,Center,1,5
213,City Journal,Right,667,502
214,Civic Genius,Center,1,2
215,Civic Health Project,Center,9,5
216,Civil Squared,Lean Left,3,2
217,CivilPolitics.org,Center,316,288
218,Claire-Laure Belt,Center,39,43
219,Clara Nevins,Lean Left,54,53
220,Clare Ashcraft,Center,19,21
221,Clay Bennett,Left,236,173
222,CNBC,Center,3747,7196
223,CNET,Center,586,524
224,CNN,Left,58888,50719
225,CNN,Left,37115,8241
226,CNN Business,Lean Left,691,397
227,CNSNews.com,Right,1084,855
228,Coffee Party USA,Center,105,110
229,CoinDesk,Center,15,17
230,Columbia Journalism Review,Center,333,598
231,Columbia Missourian,Center,81,66
232,Commentary Magazine,Right,337,343
233,Committee to Protect Journalists,Center,59,83
234,Common Dreams,Left,225,110
235,Common Ground Committee,Center,52,32
236,Common Sense,Center,5,3
237,Complex,Center,22,18
238,Concord Monitor,Center,100,119
239,Conor Friedersdorf,Center,121,144
240,Conservative HQ,Right,1009,472
241,ContraPoints,Left,12,10
242,Cook Report,Center,1022,717
243,Corinna Cohn,Center,20,17
244,Council on Foreign Relations,Left,292,365
245,Countable,Center,164,158
246,Counter Currents,Lean Left,409,337
247,Counterpointing,Mixed,468,431
248,CrowdPAC,Center,503,527
249,CU Independent,Center,448,510
250,Current Affairs,Left,533,261
251,Daily Beast,Left,21664,6601
252,Daily Breeze,Center,65,82
253,Daily Cardinal,Center,506,546
254,Daily Chela,Left,83,72
255,Daily Citizen,Right,133,88
256,Daily Kos,Left,5852,2142
257,Daily Mail,Right,13553,7320
258,Daily Norseman,Center,4,3
259,Daily Northwestern,Lean Left,451,473
260,Daily Press,Lean Right,458,568
261,Daily Progress,Center,509,531
262,Daily Targum,Lean Left,331,486
263,DailyTrib.com,Center,13,14
264,Damon Linker,Lean Left,399,399
265,Dan Lucas,Right,145,118
266,Dan McLaughlin,Right,50,33
267,Dan Meuser,Right,35,35
268,Dan Schnur,Center,103,116
269,Dan Wasserman,Left,144,78
270,Dana Milbank,Left,288,451
271,Dana Summers,Lean Right,161,183
272,Daryl Davis,Center,6,3
273,Data for Progress,Left,53,37
274,Dave Yost,Lean Right,26,23
275,David Axelrod,Lean Left,24,22
276,David Brooks,Lean Right,586,736
277,David French,Lean Right,105,101
278,David Frum,Lean Right,65,121
279,David Harsanyi,Right,89,70
280,David Holmes,Lean Left,137,96
281,David Ignatius,Center,234,337
282,David Leonhardt,Lean Left,335,233
283,David Marcus,Right,26,29
284,David Meyers,Center,17,21
285,David Nevins,Center,15,13
286,David Petraeus,Center,62,67
287,David Rothkopf,Lean Left,8,6
288,Dayton Daily News,Center,22,22
289,Deadline,Center,28,43
290,Debilyn Molineaux,Lean Left,44,50
291,Debra Saunders,Right,212,179
292,Defense One,Center,412,402
293,Democracy Now!,Left,14541,3390
294,Dennis Prager,Right,431,230
295,Des Moines Register,Center,197,320
296,Deseret News,Center,1504,2037
297,Desiring God,Lean Right,64,73
298,DetectFakeNews.com,Center,63,83
299,Detroit Free Press,Lean Left,349,390
300,Detroit Lakes Tribune,Center,2,1
301,Detroit News,Center,225,365
302,Deutsche Welle,Center,254,152
303,Diamond and Silk,Right,261,102
304,Diamond and Silk,Right,3,3
305,Dick Locher,Right,90,112
306,Dick Morris,Lean Right,281,347
307,Diplomatic Courier,Center,439,366
308,DiversityInc,Lean Left,2,3
309,Divided We Fall,Mixed,39,32
310,Divided We Fall,Mixed,35,28
311,Dominic Pino,Lean Right,11,12
312,Douglas Murray,Lean Right,6,6
313,Dr. Abdul El-Sayed,Left,85,53
314,Dr. Ben Carson,Lean Right,77,70
315,Drew Litton,Center,90,135
316,Drew Sheneman,Left,146,107
317,Drudge Report,Lean Right,2434,2342
318,Duke Chronicle,Center,483,493
319,Dylan Rose,Center,44,35
320,E J Dionne,Left,609,501
321,East Bay Times,Lean Left,150,101
322,Ebony,Left,6,4
323,Economic Policy Institute,Left,434,346
324,Ed Kilgore,Lean Left,30,30
325,Ed Rogers,Right,214,132
326,Ed Yong,Center,17,18
327,Eddie Scarry,Right,41,36
328,Eden Prairie Local News,Center,2,3
329,Education Week,Center,196,286
330,EdVotes.org,Left,170,95
331,Edward Morrissey,Right,199,198
332,El Paso Times,Center,12,14
333,Eli Pariser,Left,99,67
334,Eli Steinberg,Center,32,39
335,Elie Mystal,Left,62,39
336,Elizabeth Bruenig,Left,9,12
337,Elle Magazine,Lean Left,85,75
338,Elvia Díaz,Left,17,8
339,Emily Oster,Center,3,14
340,Environmental Defense Fund,Lean Left,475,427
341,Eric Allie,Right,180,149
342,Eric Boehm,Lean Right,42,41
343,Eric Holder,Lean Left,124,488
344,Erie Gay News,Lean Left,3,2
345,Erik Wemple,Center,373,507
346,Erraticus,Center,70,46
347,ESPN.com,Lean Left,305,323
348,Esquire,Left,1406,645
349,Estes Park Trail Gazette,Center,338,408
350,Ethan Horowitz,Lean Right,11,10
351,Eugene Robinson,Left,371,248
352,Eurek Alert,Center,427,472
353,Evie Magazine,Lean Right,262,115
354,Ezra Klein,Left,646,420
355,Face the Facts USA,Center,307,464
356,FAIR,Lean Left,694,707
357,Fairmont Sentinel,Center,3,0
358,Falls Church News - Press,Left,487,526
359,Family Research Council,Lean Right,532,788
360,Fareed Zakaria,Center,590,1036
361,Farhad Manjoo,Lean Left,40,41
362,Federation of American Scientists,Lean Left,418,500
363,FEE.org,Lean Right,717,238
364,Financial Times,Center,1121,724
365,First Draft News,Center,49,55
366,Fiscal Times,Lean Right,791,700
367,FiveThirtyEight,Center,4840,4273
368,Florida Politics,Center,16,45
369,Food Democracy Now,Lean Left,199,223
370,Forbes,Center,15217,9839
371,Foreign Affairs,Center,1189,698
372,Foreign Policy,Center,448,505
373,Fort Worth Star-Telegram,Center,52,77
374,Fortune,Center,273,442
375,Forward,Center,1,0
376,Foundation Against Intolerance and Racism,Center,4,6
377,Fox Business,Lean Right,418,237
378,Fox News,Right,49473,51607
379,Fox News,Right,31936,7340
380,Fox News Latino,Right,2929,1311
381,Fox21,Center,17,17
382,Fox9,Center,19,21
383,Frank Bruni,Lean Left,205,235
384,Frank Miniter,Right,422,399
385,Franklin D. Kramer,Center,18,14
386,Freakonomics,Center,490,303
387,Freedom House,Lean Right,167,235
388,Frida Ghitis,Lean Left,22,38
389,Froma Harrop,Lean Left,138,133
390,FrontPage Magazine,Right,669,489
391,Gabrielle Giffords,Lean Left,80,97
392,Gallup,Center,811,736
393,Gary Markstein,Center,80,109
394,Gary Varvel,Right,116,55
395,Gay City News,Lean Left,5,2
396,Gay Times,Lean Left,4,3
397,GayBuzzer,Center,5,5
398,GayNewsToday,Left,7,1
399,GayStarNews,Left,3,1
400,Gell,Mixed,147,105
401,George W. Bush,Lean Right,219,121
402,George Will,Right,683,1088
403,Georgia Asian Times,Center,5,8
404,Georgia Recorder,Center,7,9
405,Georgia Voice,Left,2,0
406,Gina Baleria,Lean Left,47,45
407,Gizmodo,Lean Left,400,271
408,GLAAD,Left,5,1
409,GLAAD,Lean Left,101,301
410,Glenn Beck,Right,1105,352
411,Glenn Greenwald,Center,233,293
412,Glenn Harlan Reynolds,Lean Right,50,44
413,Glenn Loury,Center,3,2
414,Glenn McCoy,Right,84,67
415,Global Disinformation Index,Left,32,27
416,Global News,Lean Left,2,1
417,Gloria Steinem,Left,69,33
418,GoLocal Providence,Center,45,30
419,Good Faith Media,Lean Left,2,1
420,Good News Magazine,Lean Right,2,1
421,Google News,Lean Left,1112,817
422,GOP.gov,Right,649,322
423,Gothamist,Center,9,5
424,Govt. Accountability Office,Center,39,32
425,GQ.com,Lean Left,255,292
426,Greg Sargent,Left,9,13
427,Grist,Lean Left,578,606
428,Grover Norquist,Right,484,215
429,Guest Writer - Center,Center,123,160
430,Guest Writer - Left,Lean Left,278,361
431,Guest Writer - Right,Lean Right,330,441
432,Guy Benson,Right,1,5
433,H.R. McMaster,Center,70,46
434,Haaretz,Center,42,87
435,Hampton Roads Messanger,Center,447,451
436,Harvard Business School,Lean Left,857,1072
437,Hasan Piker,Left,46,10
438,Hayes Brown,Left,27,18
439,Healthcare.gov,Lean Left,334,659
440,Heather Mac Donald,Right,190,227
441,Heather Thompson Day,Center,26,31
442,Heavy.com,Center,202,260
443,Helaine Olen,Lean Left,9,8
444,Helen Andrews,Lean Right,41,32
445,Henry A. Brechter,Center,129,149
446,Henry Payne,Right,121,136
447,Henry Windsor,Lean Left,30,27
448,Herald Democrat,Left,566,464
449,Herald-Dispatch,Lean Left,34,30
450,Herald-Tribune,Lean Left,10,6
451,Heterodox Academy,Center,5,3
452,High Times,Lean Left,78,72
453,Hindustan Times,Center,5,9
454,Hip Latina,Left,55,44
455,Hirsh Joshi,Left,91,72
456,Homeland Security Today,Lean Left,13,17
457,Honolulu Civil Beat,Center,426,584
458,HotAir,Lean Right,1159,1037
459,Houston Chronicle,Center,213,463
460,Howard Kurtz,Center,558,481
461,Hudson Crozier,Lean Right,7,7
462,HuffPost,Left,37525,22684
463,Human Events,Lean Right,18,12
464,Human Rights Campaign,Left,136,48
465,Human Rights Watch,Center,109,169
466,Hyria Stuart,Lean Left,42,51
467,Idaho Statesman,Center,162,210
468,In This Together,Center,2,1
469,Inacow,Right,446,344
470,IncentFit,Center,12,13
471,Independent Institute,Lean Right,361,379
472,Independent Journal Review,Lean Right,1397,1310
473,Indiana Daily Student,Center,333,451
474,Indy Online,Center,355,379
475,Indy Week,Lean Left,371,409
476,IndyStar,Center,63,75
477,InfoWars,Right,5550,1205
478,Inland Valley Daily Bulletin,Center,44,47
479,Inside Higher Ed,Lean Left,23,19
480,Inside Philanthropy,Center,363,411
481,Insider,Lean Left,4405,6669
482,Institute for Cultural Evolution,Center,3,4
483,Intellectual Conservative,Lean Right,420,472
484,International Business Times,Center,1157,940
485,Investopedia,Center,0,0
486,Investor's Business Daily,Lean Right,1330,1087
487,Iowa Capital Dispatch,Center,18,24
488,Ipsos,Center,12,23
489,Isaiah Anthony,Center,15,9
490,Issue One,Center,7,7
491,IVN,Center,516,520
492,Jack Ohman,Left,99,59
493,Jack Shafer,Center,12,15
494,Jack Welch,Lean Right,166,156
495,Jackson Lanzer,Center,58,67
496,Jacob Hess,Right,49,45
497,Jacobin,Left,1178,283
498,Jamelle Bouie,Left,11,9
499,James Bovard,Lean Right,66,49
500,James Coan,Center,54,64
501,James Downie,Left,18,21
502,James Hohmann,Lean Right,119,112
503,James Mattis,Center,124,101
504,James Pethokoukis,Lean Right,133,128
505,James Poulos,Right,95,79
506,Jared McKiernan,Center,41,47
507,Jason L Riley,Lean Right,4,1
508,Jed Shugerman,Lean Left,4,5
509,Jeff Danziger,Left,91,85
510,Jeff Flake,Lean Right,127,269
511,Jeff Jacoby,Right,151,118
512,Jeff Spross,Left,68,53
513,Jeff Stahler,Left,109,83
514,Jefferson Public Radio,Center,39,43
515,Jen Sorensen,Left,97,70
516,Jennifer Auer,Center,33,33
517,Jennifer Rubin,Lean Left,273,465
518,Jeremy E Sherman,Lean Left,57,66
519,Jeremy Garson,Lean Left,22,21
520,Jeremy Stahl,Left,20,17
521,Jerry Bowyer,Right,193,275
522,Jerry Holbert,Right,96,82
523,Jesse Lee Peterson,Right,3,1
524,Jessica Hardin,Center,23,18
525,Jewish Insider,Center,10,16
526,Jezebel,Left,474,152
527,Jill Lawrence,Lean Left,29,24
528,Jim Geraghty,Lean Right,72,68
529,Jim Morin,Left,83,42
530,Jim Obergefell,Lean Left,71,65
531,Jim Rutenberg,Lean Left,96,85
532,Joan Blades,Left,158,214
533,Joan Walsh,Left,80,45
534,Joe Rogan,Center,82,57
535,Joe Scarborough,Lean Right,379,1510
536,Joel Osteen,Center,3,1
537,Joel Pett,Left,95,90
538,JoeMyGod,Left,3,2
539,John Boehner,Right,306,452
540,John Bolton,Lean Right,40,56
541,John Deering,Center,85,82
542,John Fund,Lean Right,184,195
543,"John Gable, AllSides Co-founder",Lean Right,294,365
544,John Gallagher,Lean Left,11,9
545,John K. Herr,Lean Right,87,66
546,John Lewis,Lean Left,40,59
547,John Logan,Lean Left,5,7
548,John Nichols,Left,7,6
549,John Podhoretz,Right,33,30
550,John Pudner,Right,115,128
551,John R. Wood Jr.,Center,68,64
552,John Stossel,Lean Right,978,751
553,Johnny Harris,Lean Left,77,56
554,Jon Lovett,Left,6,7
555,Jon Terbush,Lean Left,144,197
556,Jonah Goldberg,Right,138,233
557,Jonathan Bernstein,Center,22,38
558,Jonathan Chait,Left,192,175
559,Jonathan Haidt,Center,124,86
560,Jonathan Miller,Left,119,120
561,Jonathan Turley,Lean Right,27,42
562,Jordan Weissmann,Left,47,41
563,Joseph Ratliff,Lean Left,75,88
564,Journalist's Resource,Center,343,385
565,Joyce Meyer,Center,3,2
566,Jreg,Center,84,91
567,JRL Charts,Left,3,2
568,JSTOR Daily,Center,90,82
569,Juan Williams,Lean Left,645,633
570,Jubilee Media,Center,361,424
571,Judicial Watch,Lean Right,1430,1496
572,Judson Berger,Lean Right,18,17
573,Judy Sheindlin,Center,67,86
574,Julian Zelizer,Lean Left,190,213
575,Julie Mastrine,Lean Right,109,109
576,Just Facts,Center,162,213
577,Just Security,Center,54,59
578,Just The News,Center,354,783
579,Kaiser Family Foundation,Center,18,22
580,KALW.org,Center,50,58
581,KARE11,Center,1,3
582,Karen E. Young,Center,8,3
583,Karl Rove,Lean Right,61,65
584,Kathleen Parker,Lean Right,269,221
585,Katie Hill,Lean Left,80,113
586,Katie Hyten,Center,33,30
587,Katrina vanden Heuvel,Left,28,18
588,KATU,Center,138,166
589,Keeping it Right,Right,2,2
590,Kelly Murphy,Lean Left,30,39
591,Ken Catalino,Right,53,54
592,Kenosha News,Center,42,70
593,Kevin D. Williamson,Lean Right,33,26
594,Kevin Kallaugher,Lean Left,74,60
595,Kevin McLaughlin,Lean Right,21,22
596,Kilgore News Herald,Center,11,11
597,Kimberley A. Strassel,Right,261,174
598,Kirsten Powers,Lean Left,169,158
599,KNSI Radio,Center,1,2
600,KQED,Center,620,554
601,Kristin Hansen,Lean Left,46,53
602,Kristin Shiuey,Center,9,11
603,KSL,Right,1035,992
604,KSTP,Center,5,3
605,KTTC News,Center,0,2
606,KVRR,Center,2,0
607,Kwame Raoul,Lean Left,35,38
608,KWCH,Center,37,33
609,Kyle Smith,Lean Right,65,53
610,LA Sentinel,Left,2,3
611,Lalo Alcaraz,Left,67,50
612,Lanhee Chen,Right,107,131
613,Laramie Boomerang,Center,30,24
614,Laredo Morning Times,Lean Left,7,7
615,Las Vegas Review-Journal,Center,27,23
616,Las Vegas Sun,Lean Left,395,401
617,Latino Rebels,Left,72,73
618,Laura Rose Junco,Center,37,39
619,Lauren Duca,Left,132,116
620,Laurie Roberts,Lean Left,15,11
621,Law & Crime,Center,76,96
622,Lawfare,Center,10,6
623,Leadership Now Project,Center,3,2
624,Leafly,Left,44,36
625,Leana Wen,Lean Left,42,54
626,Leesburg Today,Lean Right,300,280
627,Left Guest Commentaries,Left,150,162
628,Leo Necheles,Center,18,25
629,Leonard Pitts Jr,Left,158,109
630,Lexington Herald-Leader,Center,34,34
631,LGBTQ Nation,Left,229,255
632,Life After Hate,Lean Left,7,8
633,Lifehacker,Center,459,458
634,Lisa Benson,Right,91,82
635,Lisa Gable,Right,104,111
636,Live Action News,Lean Right,422,296
637,Live Science,Center,130,117
638,Living Lutheran,Center,3,2
639,Log Cabin,Right,2,3
640,Long Beach Press-Telegram,Center,48,57
641,Longmont Times-Call,Lean Left,255,221
642,Los Angeles Daily News,Center,62,136
643,Los Angeles Times,Lean Left,5178,3839
644,Louisville Courier-Journal,Lean Left,283,291
645,Lucas Grindley,Lean Left,2,2
646,Lucy Pinto,Lean Left,40,50
647,Luke Winkie,Left,6,3
648,Madeleine Albright,Lean Left,25,17
649,Maine Beacon,Lean Left,16,18
650,Making Sense,Center,64,40
651,Malala Yousafzai,Center,31,28
652,Manhattan Institute,Lean Right,364,437
653,Mankato Free Press,Lean Left,1,1
654,Marc A. Thiessen,Right,494,298
655,Marc Joffe,Lean Right,27,27
656,Marc Lamont Hill,Left,4,2
657,Marc Schulman,Center,22,24
658,Marcia Beckford,Lean Left,39,46
659,Mariannette Miller-Meeks,Lean Right,7,7
660,Marijuana Moment,Lean Left,63,59
661,Mario Nicolais,Lean Right,35,34
662,Mark Begich,Left,115,95
663,Mark Gerzon,Center,82,96
664,Mark Hertsgaard,Lean Left,33,31
665,Mark Mix,Right,126,91
666,Mark Morford,Left,75,56
667,Mark Weaver,Lean Right,2,3
668,MarketWatch,Center,492,1206
669,Marshall Ramsey,Center,91,82
670,Martin Luther King III,Lean Left,50,59
671,Mary O'Grady,Right,96,119
672,Mashable,Left,673,297
673,Masih Alinejad,Center,66,52
674,MassLive.com,Lean Left,22,22
675,Matt Bors,Left,83,40
676,Matt Byrne,Center,32,29
677,Matt Davies,Left,134,73
678,Matt Drudge,Right,518,544
679,Matt Lewis,Center,30,37
680,Matt Taibbi,Center,22,16
681,Matt Towery,Lean Right,90,80
682,Matt Welch,Lean Right,138,225
683,Matt Wuerker,Left,107,78
684,Matthew McConaughey,Center,23,25
685,Matthew Walther,Lean Right,144,57
686,Matthew Yglesias,Lean Left,23,25
687,Maureen Callahan,Lean Right,16,17
688,Maureen Dowd,Center,310,764
689,Max Boot,Left,21,13
690,Max Karlin,Lean Right,45,46
691,McClatchyDC,Center,151,202
692,Meaws,Lean Left,1,3
693,Media Matters,Left,3317,1767
694,Media Research Center,Right,1490,1759
695,Media Village,Center,20,22
696,Mediaite,Lean Left,1045,1087
697,Mercatus Center,Lean Right,45,29
698,Meridian Magazine,Lean Right,20,18
699,Merrick Garland,Lean Left,14,33
700,Metro Weekly,Left,28,31
701,Mexico Daily Post,Center,4,6
702,Mexico News Daily,Center,10,11
703,Miami Herald,Lean Left,545,549
704,Micaela Ricaforte,Center,54,55
705,Michael A. Cohen,Lean Left,19,21
706,Michael Arceneaux,Left,0,2
707,Michael Barone,Lean Right,185,149
708,Michael Brendan Dougherty,Lean Right,195,190
709,Michael Gerson,Lean Right,204,168
710,Michael Goodwin,Right,342,124
711,Michael Graham,Right,65,79
712,Michael Kinsley,Left,155,112
713,Michael Medved,Right,176,242
714,Michael Ramirez,Right,145,152
715,Michael Strong,Lean Right,33,37
716,Michael Tauberg,Center,38,43
717,Michelle Alexander,Lean Left,226,167
718,Michelle Goldberg,Left,156,136
719,Michelle Malkin,Right,619,314
720,MichelleMalkin.com,Right,696,359
721,Michigan Daily,Lean Left,329,301
722,Migration Policy Institute,Center,18,18
723,Mike Huckabee,Lean Right,116,148
724,Mike Lester,Right,57,47
725,Mike Luckovich,Left,175,151
726,Mike Pence,Right,339,138
727,Mike Thompson,Center,86,108
728,Military Times,Center,185,208
729,Millennial Action Project,Center,1,3
730,Milwaukee Journal Sentinel,Center,18,30
731,Minnesota Lawyer,Center,5,5
732,Minnesota Native News,Center,1,1
733,Minnesota News Network,Center,1,1
734,Minnesota Public Radio,Center,3,9
735,Minnesota Reformer,Left,9,5
736,Minnesota Spokesman Reporter,Center,6,6
737,MinnPost,Center,0,1
738,Miranda Devine,Right,64,37
739,Mises Institute,Lean Right,103,65
740,Misinformation Review,Center,62,79
741,Mismatch.org,Mixed,146,152
742,Mississippi Today,Center,4,4
743,MIT News,Center,341,290
744,Mitú,Left,58,50
745,MLive.com,Center,35,66
746,"Moníca Guzman, Braver Angels",Lean Left,25,25
747,Monica Hesse,Lean Left,7,8
748,More in Common,Center,2,1
749,Morgan Jacobsen,Center,111,130
750,Morning Brew,Lean Left,1,0
751,Mother Jones,Left,16689,2535
752,MSNBC,Left,23804,6047
753,MTV News Online,Lean Left,191,305
754,Multiple Writers - Center,Center,56,60
755,Multiple Writers - Lean Left,Lean Left,38,40
756,Multiple Writers - Lean Right,Lean Right,40,30
757,Multiple Writers - Left,Left,39,20
758,Multiple Writers - Mixed,Mixed,60,63
759,Multiple Writers - Right,Right,28,17
760,NAACP,Lean Left,436,842
761,National Catholic Register,Right,4,2
762,National Committee to Preserve Social Security and Medicare,Left,319,278
763,National Conference of State Legislatures,Center,10,6
764,National Constitution Center,Center,198,189
765,National Federation of Independent Business,Lean Right,36,37
766,National Geographic,Center,307,273
767,National Institute for Civil Discourse,Center,7,6
768,National Interest,Center,305,431
769,National Journal,Center,1095,856
770,National Post,Lean Right,87,33
771,National Review,Right,21334,8782
772,Nature.com,Center,265,200
773,Nautilus Quarterly,Center,40,36
774,NBC News,Lean Left,14137,13454
775,NBC Today Show,Lean Left,1704,1782
776,Neal K. Katyal,Lean Left,61,48
777,Neil J. Young,Lean Left,98,111
778,Neil Patel,Right,38,32
779,Network for Responsible Public Policy,Center,1,0
780,New Discourses,Center,175,159
781,New Economy Working Group,Lean Left,131,105
782,New Hampshire Union Leader,Center,98,110
783,New Jersey Globe,Center,19,18
784,New Jersey Monitor,Lean Left,16,18
785,New Pittsburgh,Left,5,6
786,New Republic,Left,1942,911
787,New York Daily News,Left,1629,727
788,New York Magazine,Left,2473,1066
789,New York Post,Lean Right,17025,8881
790,New York Post,Right,416,205
791,New York Times,Lean Left,32432,42201
792,New York Times,Left,17343,4874
793,News Center Maine,Lean Left,12,10
794,News Literacy Project,Center,65,57
795,News One,Lean Left,3,2
796,NewsBusters,Right,685,376
797,Newsmax,Right,11852,11661
798,Newsmax - Opinion,Right,684,221
799,NewsNation,Center,431,517
800,NewsOne,Left,290,127
801,Newsweek,Center,4598,8250
802,Newsy,Center,481,357
803,Newt Gingrich,Right,881,381
804,Newtrals,Center,46,37
805,Nicholas Kristof,Left,401,383
806,Nick Anderson,Center,69,87
807,Nieman Lab,Center,132,137
808,nj.com,Lean Left,19,24
809,NMPolitics.net,Center,261,319
810,No Labels,Center,168,151
811,Noah Rothman,Lean Right,76,67
812,Noah Smith,Lean Left,34,46
813,North Wright County Today,Center,2,1
814,NowThis News,Lean Left,1,4
815,NPR,Lean Left,33984,33518
816,NPR,Lean Left,9428,11141
817,NYNMedia,Left,17,16
818,Occupy Democrats,Left,5,1
819,Ohio Capital Journal,Lean Left,25,18
820,OilPrice.com,Center,18,16
821,One America News Network,Right,2769,1471
822,One Nation News,Lean Left,3,2
823,OpenSecrets.org,Center,760,558
824,Orange County Register,Lean Right,439,358
825,Orlando Sentinel,Center,23,42
826,Our.News,Center,31,27
827,Out,Left,2,1
828,Out In Jersey,Lean Left,1,3
829,Outkick the Coverage,Center,56,125
830,Pacific Research Institute,Right,243,243
831,Pacific Standard,Lean Left,482,439
832,Palm Springs Desert Sun,Center,31,35
833,Pasadena Star-News,Center,41,48
834,Pat Buchanan,Right,256,118
835,Pat Oliphant,Center,83,90
836,Patch.com,Center,50,109
837,Paul Brandus,Center,23,34
838,Paul Krugman,Left,768,445
839,Paul Mulholland,Lean Left,15,20
840,Paul Szep,Center,82,77
841,Paul Volcker,Center,97,78
842,Paul Waldman,Left,39,28
843,PBS NewsHour,Center,4017,3116
844,Peacock Panache,Left,240,135
845,Pedro Silva,Center,37,53
846,Peggy Noonan,Right,431,681
847,Pennsylvania Capital-Star,Lean Right,27,27
848,People,Lean Left,24,30
849,People for the American Way,Left,403,261
850,Persuasion,Lean Left,4,4
851,Pete Weichlein,Center,6,10
852,Peter Boghossian,Center,5,1
853,Peter Roff,Lean Right,391,202
854,Peter Thiel,Lean Right,121,154
855,Pew Research Center,Center,2682,1713
856,Philadelphia Gay News,Lean Left,3,5
857,Phillip Bader,Center,40,52
858,Phys.org,Center,288,163
859,Physicians for a National Health Program,Left,265,184
860,Physicians for Life,Lean Right,12,21
861,Piers Morgan,Lean Left,507,863
862,PinkNews,Left,192,60
863,Pittsburgh Post-Gazette,Center,402,467
864,PJ Media,Right,788,330
865,Political Empathy Project,Center,8,7
866,Politico,Lean Left,25133,32016
867,PoliticusUSA,Left,1232,437
868,Pope County Tribune,Center,8,8
869,Portland Press Herald,Center,315,468
870,Post-Bulletin,Center,1,3
871,Poynter,Center,203,470
872,Prager University,Right,3968,945
873,Premier Christian News,Lean Left,5,6
874,PRI,Center,840,576
875,Progressive Voices of Iowa,Left,306,182
876,Project Veritas,Right,582,584
877,ProPublica,Lean Left,2087,1358
878,Psych Central,Center,8,11
879,Psychology Today,Center,177,205
880,Public News Service,Center,3,0
881,PXW News,Center,249,256
882,Quartz,Center,806,930
883,Queerty,Left,5,2
884,Quillette,Lean Right,661,975
885,Quin Hillyer,Lean Right,22,29
886,Quinnipiac University,Center,309,526
887,Rachel Eckhardt,Lean Left,90,104
888,Rahm Emanuel,Lean Left,100,316
889,Ralph Benko,Right,132,161
890,Ramesh Ponnuru,Right,203,175
891,RAND Corporation,Lean Left,598,823
892,Rand Paul,Lean Right,623,550
893,Rasmussen Reports,Lean Right,712,1027
894,Raw Story,Left,1596,596
895,RealClearPolitics,Center,4570,5643
896,Reason,Lean Right,10189,6287
897,Reason Foundation,Lean Right,318,347
898,Rebecca Sheehan,Lean Right,33,25
899,Record Journal,Center,199,208
900,Red Lake Nation News,Center,2,0
901,Red Racing Horses,Right,69,79
902,RedBlueDictionary.org,Mixed,218,170
903,redefinED,Center,184,107
904,Redlands Daily Facts,Center,31,37
905,RedState,Right,970,358
906,Refinery29,Left,130,82
907,Relevant Magazine,Lean Left,2,3
908,Religion News Service,Center,3,2
909,Rem Reider,Center,128,133
910,Reuters,Center,21151,12440
911,"Rev. Barbara Ann Michaels, Jester of the Peace",Lean Left,4,5
912,Rev. Jesse Jackson Sr.,Left,682,230
913,Revolver News,Right,78,41
914,Rex Huppke,Left,10,11
915,Rich Lowry,Right,351,327
916,Rich Tafel,Center,112,102
917,Rich Zeoli,Lean Right,134,108
918,Richard K. Sherman,Lean Left,4,6
919,Richard M. Cohen,Lean Left,71,71
920,Richard Perrins,Center,12,14
921,Richmond Times Dispatch,Lean Right,328,311
922,Rick Snyder,Lean Right,25,24
923,Rick Ungar,Lean Left,200,183
924,Rick Wytmar,Lean Left,43,50
925,Right Guest Commentaries,Right,109,86
926,Right Side News,Right,557,292
927,Right Wing News,Right,485,249
928,Risen Magazine,Center,3,2
929,Rob Rogers,Left,109,41
930,Robbie Robinette,Center,1,2
931,Robby Soave,Lean Right,28,24
932,Robert Ariail,Center,92,106
933,Robert Reich,Left,72,48
934,Robert Samuelson,Center,161,187
935,Robert Verbruggen,Lean Right,32,29
936,Robert Weissman,Lean Left,9,10
937,Rod Blagojevich,Center,53,168
938,Rod Eccles,Right,3,2
939,Rolf Hendriks,Center,53,51
940,Roll Call,Center,317,317
941,RollingStone.com,Left,2357,611
942,Ron Suskind,Center,20,19
943,Rose Mercer,Lean Left,6,4
944,Ross Douthat,Lean Right,272,191
945,RT,Lean Right,189,254
946,Russell Brandom,Center,32,42
947,Ruth Marcus,Lean Left,307,324
948,Ryan Bomberger,Right,35,22
949,Ryan Cooper,Left,603,159
950,Ryan Cooper,Left,603,159
951,S.E. Cupp,Lean Right,136,190
952,Saagar Enjeti,Center,199,209
953,Sally Pipes,Right,324,163
954,Salon,Left,12111,5376
955,Sam Harris,Center,99,77
956,Sam Seder,Left,27,11
957,Samantha Shireman,Lean Left,52,53
958,San Antonio Express-News,Center,57,90
959,San Bernardino Sun,Center,37,30
960,San Diego Union-Tribune,Lean Left,78,85
961,San Francisco Chronicle,Left,1213,493
962,San Gabriel Valley Tribune,Center,40,40
963,San Jose Mercury News,Lean Left,560,571
964,Sara Luterman,Lean Left,4,7
965,Sarah Palin,Right,15,14
966,SBG,Center,99,99
967,Science Daily,Center,634,394
968,Scientific American,Lean Left,2021,1085
969,Scott Adams,Center,119,132
970,Scott Jennings,Lean Right,87,74
971,Scott Stantis,Right,78,106
972,SCOTUSblog,Center,94,91
973,Scriberr Media - News,Center,104,88
974,Scriberr Media - Opinion/Editorial,Lean Right,39,41
975,Sean McDowell,Right,2,2
976,Search for Common Ground,Center,3,1
977,Seattle Gay News,Lean Left,2,3
978,Seeds of Peace,Center,2,2
979,Semafor,Lean Left,3,1
980,Sen. Jim Risch,Lean Right,10,12
981,Seth Tower Hurd,Lean Right,39,32
982,SF Weekly,Center,335,423
983,SFGate,Lean Left,633,672
984,Shannon Mannon,Lean Left,36,36
985,Signe Wilkinson,Left,60,45
986,Sky-Hi Daily News,Lean Left,208,215
987,Slate,Left,10658,3815
988,Small World,Left,55,58
989,Smerconish,Center,302,382
990,Smithsonian Magazine,Center,168,143
991,Socialist Alternative,Left,581,265
992,Socialist Project/The Bullet,Left,495,229
993,South China Morning Post,Center,134,153
994,South Florida Gay News,Lean Left,1,2
995,Southern Minnesota News,Center,3,1
996,Southern Poverty Law Center,Left,112,29
997,Spiked,Lean Right,88,87
998,Splinter,Left,294,161
999,Spokesman Review,Lean Left,294,341
1000,Spread Great Ideas,Center,16,15
1001,Springfield News-Leader,Center,8,5
1002,St. Cloud Times,Lean Left,1,1
1003,St. Louis Post-Dispatch,Center,35,58
1004,Stacey Abrams,Lean Left,129,329
1005,StandAmerica,Right,1,2
1006,Star Tribune,Lean Left,119,125
1007,STAT,Center,63,60
1008,State Journal,Lean Left,240,328
1009,Stephen Perkins,Lean Right,19,15
1010,Steve Benen,Left,22,13
1011,Steve Benson,Left,97,92
1012,Steve Breen,Center,93,77
1013,Steve Forbes,Lean Right,147,91
1014,Steve Kelley,Right,59,59
1015,Steve Sack,Left,89,50
1016,Steven Crowder,Right,38,18
1017,Steven Petrow,Center,19,27
1018,Stillwater Gazette,Center,1,2
1019,Stimson Center,Center,28,34
1020,StoryCorps,Mixed,142,126
1021,Stuart Carlson,Left,66,74
1022,Students For Life,Lean Right,54,64
1023,Subverse,Center,162,108
1024,Sukhayl Niyazov,Center,48,52
1025,Sunlight Foundation,Center,160,186
1026,Suspend Belief Podcast,Mixed,202,227
1027,Tablet Mag,Lean Right,113,77
1028,Taipei Times,Center,4,7
1029,Tallahassee Democrat,Center,348,365
1030,Tampa Bay Times,Center,56,101
1031,Tangle,Center,82,9
1032,Tania Israel,Left,29,26
1033,Tara D. Sonenshine,Center,9,9
1034,Tara Parekh,Lean Left,28,26
1035,Taylor Marshall,Right,1,1
1036,Tech Xplore,Center,51,45
1037,TechCrunch,Center,532,407
1038,Ted Rall,Left,84,67
1039,Teen Vogue,Left,464,719
1040,Texas Monthly,Center,19,37
1041,Texas Signal,Left,12,20
1042,The Advocate,Lean Left,61,78
1043,The Advocate-Messenger,Lean Left,238,289
1044,The American Conservative,Right,406,401
1045,The American Mind,Lean Right,88,83
1046,The American Spectator,Right,12565,4437
1047,The Appeal,Center,131,136
1048,The Atlantic,Left,16212,9072
1049,The Bellows,Center,30,24
1050,The Black Detour,Center,0,1
1051,The Blaze,Right,109254,85433
1052,The Boston Globe,Left,1899,1388
1053,The Brazilian Report,Center,5,3
1054,The Bulwark,Lean Right,194,234
1055,The Cadiz Record,Lean Left,211,215
1056,The Californian,Center,14,10
1057,The Canyon County Zephyr,Left,220,174
1058,The Catalyst,Lean Right,29,40
1059,The Center for American Progress,Lean Left,42,86
1060,The Center Square,Center,9,9
1061,The Center Square - Michigan,Center,126,210
1062,The Center Square - Minnesota,Center,7,4
1063,The Center Square - Texas,Center,7,4
1064,The Christian Century,Lean Left,3,4
1065,The Christian Left Blog,Left,11,9
1066,The Christian Post,Lean Right,59,57
1067,The Clarion-Ledger,Center,7,8
1068,The College Fix,Right,295,228
1069,The Colorado Sun,Lean Left,73,63
1070,The Columbus Dispatch,Center,50,82
1071,The Commercial Appeal,Lean Left,213,266
1072,The Conscious Conservative,Right,8,10
1073,The Conversation,Lean Left,99,83
1074,The Conversation,Lean Left,288,243
1075,The Corpus Christi Caller-Times,Center,12,11
1076,The Courier-Journal,Lean Left,286,376
1077,The Daily Caller,Right,10873,4340
1078,The Daily Dot,Lean Left,228,196
1079,The Daily Iowan,Center,7,11
1080,The Daily Signal,Right,688,279
1081,The Daily Wire,Right,12772,4415
1082,The Dallas Morning News,Center,300,346
1083,The Delaware County Daily Times,Lean Left,246,285
1084,The Dispatch,Lean Right,353,218
1085,The Economist,Lean Left,6784,11460
1086,The Epoch Times,Lean Right,13378,7141
1087,The Federalist,Right,10178,3121
1088,The Flip Side,Mixed,557,376
1089,The Florida Capital Star,Right,14,25
1090,The Fulcrum,Center,211,216
1091,The Gateway Pundit,Right,1186,573
1092,The Georgia Star News,Right,21,15
1093,The Globe and Mail,Center,212,311
1094,The Grio,Lean Left,8,2
1095,The Guardian,Lean Left,15995,9951
1096,The Hardwood Institiute,Center,2,2
1097,The Heritage Foundation,Lean Right,3250,1833
1098,The HighWire,Lean Right,1,2
1099,The Hill,Center,18264,24928
1100,The Hollywood Reporter,Lean Left,94,100
1101,The Huntsville Item,Center,8,4
1102,The Imaginative Conservative,Right,144,95
1103,The Independent,Lean Left,806,581
1104,The Intercept,Left,6253,1922
1105,The Iowa Torch,Lean Right,9,6
1106,The Irish Times,Center,5,5
1107,The Japan Times,Center,85,74
1108,The Jerusalem Post,Center,352,378
1109,The Juggernaut,Left,32,29
1110,The Justice,Lean Left,192,204
1111,The Korea Herald,Center,253,198
1112,The Kyiv Independent,Center,41,24
1113,The Libertarian Republic,Lean Right,926,789
1114,The Lincoln Project,Mixed,68,313
1115,The Lufkin Daily News,Center,33,30
1116,The Maine Wire,Right,0,0
1117,The Maneater,Lean Left,42,39
1118,The Markup,Center,30,45
1119,The Marshall Project,Center,78,116
1120,The McLeod County Chronicle,Center,1,1
1121,The Michigan Star,Right,4,7
1122,The Minnesota Daily,Lean Left,2,3
1123,The Minority Eye,Left,7,4
1124,The Narratives Project,Center,1,0
1125,The Nation,Left,1796,562
1126,The National Pulse,Right,598,148
1127,The Nevada Independent,Center,20,28
1128,The New Yorker,Left,10671,2619
1129,The Observer,Center,284,491
1130,The Onion,Lean Left,585,316
1131,The Oracle,Center,143,173
1132,The Oregonian,Center,78,196
1133,The Palm Beach Post,Center,5,8
1134,The Patriot Post,Right,74,94
1135,The Philadelphia Inquirer,Lean Left,328,316
1136,The Philly Tribune,Left,3,3
1137,The Police Tribune,Lean Right,95,77
1138,The Portsmouth Herald,Center,15,11
1139,The Post Millennial,Lean Right,451,320
1140,The Presbyterian Outlook,Lean Left,0,4
1141,The Press-Enterprise,Lean Right,40,36
1142,The Problem Solvers Caucus,Center,3,1
1143,The Rachel Maddow Show,Left,9,4
1144,The Red and Black,Center,227,168
1145,The Reliable Bias,Center,177,204
1146,The Reno Gazette-Journal,Lean Left,16,13
1147,The Reporters Committee for Freedom of the Press,Center,54,40
1148,The Republican,Center,275,556
1149,The Republican Journal,Lean Right,13,12
1150,The Resurgent,Right,181,153
1151,The Ripon Advance,Lean Right,17,16
1152,The Root,Lean Left,497,633
1153,The Sacramento Bee,Lean Left,396,482
1154,The Salt Lake Tribune,Lean Left,22,18
1155,The Saturday Evening Post,Center,249,196
1156,The Seattle Times,Center,260,509
1157,The Sierra Club,Lean Left,208,309
1158,The South African,Center,31,28
1159,The Spectator World,Right,209,145
1160,The State,Center,15,14
1161,The Steamboat Institute,Lean Right,15,11
1162,The Telegraph - UK,Lean Right,2056,891
1163,The Tennesseean,Center,52,46
1164,The Texan,Lean Right,204,149
1165,The Texas Observer,Lean Left,110,102
1166,The Texas Tribune,Lean Left,809,344
1167,The Thread,Mixed,86,88
1168,The Times,Center,25,42
1169,The Times-Picayune,Center,37,71
1170,The Verge,Lean Left,998,617
1171,The Week - News,Lean Left,4070,3372
1172,The Week - Opinion,Lean Left,246,210
1173,The Weekly Standard,Right,1413,866
1174,The Weirton Daily Times,Center,10,7
1175,The Western Journal,Right,1886,610
1176,The Wyoming Tribune Eagle,Center,15,16
1177,TheGailyGrind,Left,5,4
1178,Them,Lean Left,5,1
1179,theSkimm,Lean Left,7,10
1180,ThinkProgress,Left,2812,955
1181,Thomas B. Edsall,Lean Left,2,4
1182,Thomas Franck,Center,11,5
1183,Thomas Frank,Lean Left,188,198
1184,Thomas L. Friedman,Lean Left,115,147
1185,Thomas Sowell,Lean Right,589,382
1186,Tiana Lowe,Right,21,18
1187,Tim Groseclose,Lean Right,119,88
1188,Tim Pool,Center,1698,1894
1189,Tim Scott,Lean Right,3,7
1190,Time Magazine,Lean Left,10249,8657
1191,Times Union,Center,25,31
1192,Timothy L. O'Brien,Lean Left,13,16
1193,Tom Cole,Right,189,149
1194,Tom Nichols,Lean Right,87,110
1195,Tom Rogan,Center,2,4
1196,Tom Toles,Left,114,102
1197,Tony Auth,Left,80,64
1198,Tonya Russell,Lean Left,40,34
1199,Toronto Star,Center,88,207
1200,Townhall,Right,9916,14121
1201,Trains.com,Center,48,60
1202,Trans Writes,Lean Left,13,16
1203,Truthdig,Left,123,64
1204,TruthOut,Lean Left,512,508
1205,Tucker Carlson,Right,1017,364
1206,Tulsa World,Center,12,13
1207,Turning Point USA,Right,32,8
1208,Twin Cities PBS,Center,11,8
1209,Twin Cities Pioneer Press,Center,1,1
1210,U.S. News & World Report,Lean Left,2056,2123
1211,UnHerd,Lean Right,2,2
1212,United Methodist Insight,Left,1,1
1213,United Methodist News,Lean Left,1,2
1214,United Press International,Center,13,6
1215,United States Courts,Center,263,357
1216,Univision,Lean Left,627,624
1217,Upward News,Lean Right,101,50
1218,Upward News Editorial Team,Lean Right,19,21
1219,Upworthy,Left,556,377
1220,Urban Institute,Lean Left,587,481
1221,USA TODAY,Lean Left,19825,22066
1222,Vanderbilt Project on Unity and American Democracy,Center,4,4
1223,Vanity Fair,Lean Left,3886,2628
1224,Variety,Center,80,175
1225,Vatican News,Lean Right,3,2
1226,Vice,Left,4274,1060
1227,Victor Hanson,Lean Right,269,266
1228,Virginia Mercury,Center,65,74
1229,Virtue Online,Right,3,1
1230,Vogue,Left,20,13
1231,Voice of America,Center,242,252
1232,Voice of Chid,Right,5,3
1233,Volante,Center,189,211
1234,Vote Smart,Center,265,269
1235,Vox,Left,32375,15478
1236,VT Digger,Lean Left,247,273
1237,Wake Up to Politics,Center,133,109
1238,Wall Street Journal,Center,24868,27067
1239,Wall Street Journal,Lean Right,12258,8171
1240,Walt Handelsman,Left,121,132
1241,WANDTV,Center,106,99
1242,Washington Blade,Lean Left,1,2
1243,Washington Examiner,Lean Right,14352,6908
1244,Washington Free Beacon,Right,935,686
1245,Washington Monthly,Lean Left,352,319
1246,Washington Post,Lean Left,38496,27114
1247,Washington Times,Lean Right,29102,13944
1248,Watchdog.org,Lean Right,622,657
1249,WBUR,Center,25,27
1250,WCVB,Center,15,11
1251,WFAE,Center,220,238
1252,WGBH,Center,439,413
1253,WGN,Center,215,229
1254,Whatfinger News,Right,272,209
1255,Whitehouse.gov,Lean Left,560,762
1256,Whittier Daily News,Center,39,45
1257,Will Reusch,Center,2,0
1258,Willam A. Galston,Lean Left,152,137
1259,William Bennett,Right,187,244
1260,William McGurn,Right,137,81
1261,Winona Daily,Center,2,3
1262,Wired,Center,436,690
1263,Wisconsin Gazette,Lean Left,274,254
1264,WND,Right,886,352
1265,World Magazine,Right,2,7
1266,World Wildlife,Center,40,42
1267,Worthy News,Center,1,3
1268,WVNews.com,Center,13,9
1269,WyoFile,Lean Right,19,18
1270,Wyoming Public Media,Lean Left,10,11
1271,Yahoo News,Lean Left,4628,3064
1272,Yahoo! The 360,Mixed,219,384
1273,Yash Goenka,Lean Left,5,12
1274,Yasmin Tavakoli,Center,36,35
1275,Yes! Magazine,Left,490,265
1276,Zack Beauchamp,Lean Left,24,29
1277,Zeeshan Aleem,Left,19,19
1278,ZeroHedge,Lean Right,233,180
